customer_id,first_name,last_name,email,phone,address,signup_date
101,John,Doe,john.doe@example.com,+11234567890,"123 Main St, Anytown, USA",2022-12-15 08:00:00
102,Jane,Smith,jane.smith@example.com,+19876543210,"456 Oak Ave, Otherville, USA",2023-01-01 09:30:00
103,Peter,Jones,peter.jones@example.com,+15551234567,"789 Pine Ln, Somewhere, USA",2023-01-02 10:00:00
104,Alice,Brown,alice.brown@example.com,+12223334444,"101 Maple Rd, Nowhere, USA",2023-01-03 11:00:00
105,Mohan,Doe,mohan.doe@example.com,+11234567889,"125 Main St, Anytown, USA",2022-11-15 08:00:00
106,Jack,Smith,jack.smith@example.com,+19876543219,"458 Oak Ave, Otherville, USA",2023-02-01 09:30:00
107,Poter,Jones,poter.jones@example.com,+15551234569,"787 Pine Ln, Somewhere, USA",2023-03-02 10:00:00
108,Anna,Brown,anna.brown@example.com,+12223334449,"114 Maple Rd, Nowhere, USA",2023-04-03 11:00:00
109,Michael,Thompson,michael.thompson1000@example.com,+19478623970,"110 Elm St, Riverdale, USA",2022-11-17 11:26:26
110,Jessica,Davis,jessica.davis110@example.com,+19967740298,"939 Elm St, Anytown, USA",2023-12-21 12:53:07
1002,Susan,Davis,susan.davis1002@example.com,+15504447205,"638 Pine Ln, Somewhere, USA",2022-07-14 10:38:20
1003,Susan,Jones,susan.jones1003@example.com,+16112526306,"828 Cedar Dr, Gotham, USA",2022-10-22 19:01:35
1004,Charles,Smith,charles.smith1004@example.com,+14003082916,"792 Cedar Dr, Central City, USA",2023-08-05 07:15:59
1005,John,Williams,john.williams1005@example.com,+13459499331,"363 Poplar Dr, Central City, USA",2023-09-30 03:15:01
1006,Patricia,Jackson,patricia.jackson1006@example.com,+18910306693,"486 Pine Ln, Nowhere, USA",2023-05-19 06:29:32
1007,Robert,Miller,robert.miller1007@example.com,+17989252565,"649 Pine Ln, Central City, USA",2022-11-25 19:41:57
1008,Mary,Wilson,mary.wilson1008@example.com,+15614169141,"259 Spruce Ln, Smallville, USA",2023-03-20 19:54:00
1009,Karen,Thomas,karen.thomas1009@example.com,+17644816859,"803 Main St, Otherville, USA",2023-03-31 08:47:31
1010,David,Clark,david.clark1010@example.com,+12373014188,"269 Elm St, Central City, USA",2023-07-12 01:55:46
1011,Richard,Clark,richard.clark1011@example.com,+11782995709,"147 Willow Way, Nowhere, USA",2023-02-27 06:00:06
1012,James,Thompson,james.thompson1012@example.com,+16877083792,"201 Elm St, Riverdale, USA",2023-02-06 06:31:11
1013,Sarah,Harris,sarah.harris1013@example.com,+15137192746,"241 Poplar Dr, Metropolis, USA",2023-02-22 16:02:17
1014,Robert,Jones,robert.jones1014@example.com,+12744147293,"853 Main St, Gotham, USA",2023-04-27 18:17:52
1015,Elizabeth,Robinson,elizabeth.robinson1015@example.com,+16171573346,"549 Elm St, Metropolis, USA",2023-09-29 12:13:28
1016,Jennifer,Clark,jennifer.clark1016@example.com,+14182476413,"110 Spruce Ln, Springfield, USA",2022-07-09 20:38:43
1017,William,Robinson,william.robinson1017@example.com,+11255568334,"473 Cedar Dr, Metropolis, USA",2022-04-13 21:01:03
1018,Michael,Williams,michael.williams1018@example.com,+18756812037,"442 Pine Ln, Somewhere, USA",2023-10-07 16:49:42
1019,Richard,Thomas,richard.thomas1019@example.com,+12498010731,"646 Willow Way, Central City, USA",2023-07-17 22:53:53
1020,David,Jackson,david.jackson1020@example.com,+11011137946,"736 Cedar Dr, Somewhere, USA",2022-08-07 01:35:25
1021,Robert,Williams,robert.williams1021@example.com,+14599221271,"915 Birch Ct, Central City, USA",2023-01-28 05:19:37
1022,Susan,Wilson,susan.wilson1022@example.com,+19987112488,"799 Oak Ave, Smallville, USA",2022-01-23 20:46:52
1023,Mary,Jones,mary.jones1023@example.com,+15435554351,"745 Main St, Central City, USA",2022-07-12 12:59:24
1024,John,Harris,john.harris1024@example.com,+18632525144,"981 Cedar Dr, Smallville, USA",2023-08-16 07:29:22
1025,Mary,Taylor,mary.taylor1025@example.com,+12500025438,"260 Willow Way, Anytown, USA",2022-01-03 22:02:52
1026,James,Taylor,james.taylor1026@example.com,+11831531041,"242 Maple Rd, Otherville, USA",2023-09-27 00:30:14
1027,Charles,Brown,charles.brown1027@example.com,+18090893970,"113 Elm St, Gotham, USA",2023-01-11 18:42:13
1028,Charles,Martin,charles.martin1028@example.com,+16441895989,"575 Maple Rd, Central City, USA",2022-12-05 18:54:41
1029,Sarah,Miller,sarah.miller1029@example.com,+14997054610,"574 Elm St, Otherville, USA",2022-11-25 22:37:22
1030,Karen,Robinson,karen.robinson1030@example.com,+12679485704,"159 Main St, Central City, USA",2023-03-15 02:52:17
1031,Susan,Brown,susan.brown1031@example.com,+19864154746,"935 Pine Ln, Otherville, USA",2023-07-15 06:12:53
1032,Robert,Harris,robert.harris1032@example.com,+12602549198,"374 Pine Ln, Otherville, USA",2023-05-20 03:09:36
1033,Robert,Anderson,robert.anderson1033@example.com,+15123172257,"675 Maple Rd, Metropolis, USA",2022-08-26 10:59:13
1034,James,Garcia,james.garcia1034@example.com,+18536705926,"249 Birch Ct, Gotham, USA",2023-05-04 04:38:39
1035,Robert,Williams,robert.williams1035@example.com,+18640302651,"615 Willow Way, Otherville, USA",2023-07-23 22:22:43
1036,Susan,Thomas,susan.thomas1036@example.com,+18723909832,"892 Elm St, Gotham, USA",2023-09-19 19:31:10
1037,Jennifer,Davis,jennifer.davis1037@example.com,+19732864089,"801 Spruce Ln, Gotham, USA",2023-07-08 23:50:03
1038,Jessica,Taylor,jessica.taylor1038@example.com,+17568185648,"734 Poplar Dr, Riverdale, USA",2023-11-21 21:53:59
1039,Joseph,Brown,joseph.brown1039@example.com,+14306510872,"598 Pine Ln, Otherville, USA",2024-01-01 12:27:58
1040,Michael,Harris,michael.harris1040@example.com,+17790194387,"932 Cedar Dr, Nowhere, USA",2022-07-02 00:08:06
1041,Robert,Moore,robert.moore1041@example.com,+15085550268,"351 Pine Ln, Riverdale, USA",2022-09-08 13:27:54
1042,Susan,Thompson,susan.thompson1042@example.com,+13042677530,"223 Cedar Dr, Gotham, USA",2022-04-18 01:35:15
1043,Charles,Thompson,charles.thompson1043@example.com,+14131465284,"633 Cedar Dr, Anytown, USA",2023-12-17 09:06:07
1044,Patricia,Wilson,patricia.wilson1044@example.com,+16161888932,"236 Pine Ln, Smallville, USA",2022-11-15 06:53:42
1045,Patricia,Davis,patricia.davis1045@example.com,+12009422709,"299 Pine Ln, Smallville, USA",2023-03-21 18:20:33
1046,Jennifer,Harris,jennifer.harris1046@example.com,+19113512116,"443 Main St, Central City, USA",2023-11-29 21:54:05
1047,Richard,Anderson,richard.anderson1047@example.com,+17429175445,"487 Maple Rd, Springfield, USA",2023-06-02 12:22:20
1048,Jennifer,Garcia,jennifer.garcia1048@example.com,+15208547535,"988 Willow Way, Nowhere, USA",2022-11-26 02:25:40
1049,Charles,White,charles.white1049@example.com,+15534571426,"381 Oak Ave, Otherville, USA",2023-02-09 21:23:21
1050,William,Miller,william.miller1050@example.com,+15348416571,"935 Maple Rd, Gotham, USA",2023-03-25 03:21:18
1051,Karen,Taylor,karen.taylor1051@example.com,+13742375032,"865 Main St, Otherville, USA",2022-10-01 01:20:59
1052,Joseph,Brown,joseph.brown1052@example.com,+19171777931,"951 Pine Ln, Riverdale, USA",2023-02-28 00:39:11
1053,Charles,Thomas,charles.thomas1053@example.com,+11301822359,"229 Poplar Dr, Smallville, USA",2022-04-19 00:50:04
1054,Jennifer,Harris,jennifer.harris1054@example.com,+19152385391,"485 Birch Ct, Metropolis, USA",2023-07-05 23:32:17
1055,Charles,Martin,charles.martin1055@example.com,+14330388806,"290 Pine Ln, Central City, USA",2022-02-10 19:10:43
1056,Elizabeth,Harris,elizabeth.harris1056@example.com,+12451097330,"392 Pine Ln, Springfield, USA",2022-08-09 21:48:57
1057,Michael,Jackson,michael.jackson1057@example.com,+18077328103,"126 Main St, Otherville, USA",2023-06-25 14:52:37
1058,Elizabeth,Harris,elizabeth.harris1058@example.com,+14306459613,"529 Spruce Ln, Riverdale, USA",2022-12-18 00:03:30
1059,William,Clark,william.clark1059@example.com,+14031665273,"571 Oak Ave, Central City, USA",2023-02-05 22:38:08
1060,Thomas,Martinez,thomas.martinez1060@example.com,+19947051056,"897 Spruce Ln, Nowhere, USA",2023-09-13 19:34:11
1061,Linda,Martin,linda.martin1061@example.com,+16216020788,"290 Maple Rd, Somewhere, USA",2022-07-14 19:45:28
1062,Joseph,Taylor,joseph.taylor1062@example.com,+19418398613,"551 Main St, Smallville, USA",2022-02-24 22:38:39
1063,Jennifer,Jackson,jennifer.jackson1063@example.com,+16501740466,"827 Birch Ct, Riverdale, USA",2023-02-18 18:13:19
1064,Michael,Jackson,michael.jackson1064@example.com,+17644898967,"984 Birch Ct, Metropolis, USA",2022-05-16 16:44:00
1065,Charles,Wilson,charles.wilson1065@example.com,+12009586890,"348 Main St, Central City, USA",2022-03-16 21:32:30
1066,Susan,Miller,susan.miller1066@example.com,+11371335489,"169 Birch Ct, Gotham, USA",2022-03-15 19:30:04
1067,William,Wilson,william.wilson1067@example.com,+16562706261,"849 Pine Ln, Somewhere, USA",2023-07-01 18:41:31
1068,David,Thompson,david.thompson1068@example.com,+14042513246,"978 Birch Ct, Somewhere, USA",2022-07-25 00:45:24
1069,Elizabeth,Miller,elizabeth.miller1069@example.com,+15029767541,"276 Pine Ln, Otherville, USA",2022-06-07 22:07:01
1070,Michael,Thompson,michael.thompson1070@example.com,+15762706600,"494 Maple Rd, Springfield, USA",2022-03-17 14:01:25
1071,Robert,Moore,robert.moore1071@example.com,+15791593051,"551 Birch Ct, Otherville, USA",2022-01-13 06:42:26
1072,William,Thompson,william.thompson1072@example.com,+12121175240,"331 Spruce Ln, Central City, USA",2023-06-12 17:17:36
1073,Michael,Taylor,michael.taylor1073@example.com,+15055412043,"646 Oak Ave, Gotham, USA",2022-11-12 16:39:12
1074,James,Anderson,james.anderson1074@example.com,+14108734086,"607 Maple Rd, Gotham, USA",2022-02-07 23:12:01
1075,Elizabeth,Clark,elizabeth.clark1075@example.com,+18182455013,"290 Cedar Dr, Nowhere, USA",2022-10-02 00:51:47
1076,Joseph,Jones,joseph.jones1076@example.com,+18796193826,"210 Maple Rd, Otherville, USA",2023-09-22 03:08:48
1077,Susan,Miller,susan.miller1077@example.com,+14213984673,"100 Cedar Dr, Riverdale, USA",2023-07-26 14:28:35
1078,Barbara,Smith,barbara.smith1078@example.com,+12000181777,"393 Cedar Dr, Metropolis, USA",2022-09-28 23:53:13
1079,Elizabeth,Martinez,elizabeth.martinez1079@example.com,+14609550667,"477 Pine Ln, Metropolis, USA",2023-08-15 08:16:36
1080,Michael,Jones,michael.jones1080@example.com,+13730132010,"990 Main St, Anytown, USA",2022-01-04 00:43:42
1081,Patricia,Thomas,patricia.thomas1081@example.com,+18018770920,"304 Elm St, Riverdale, USA",2023-03-06 14:30:21
1082,Jessica,Jones,jessica.jones1082@example.com,+19490713448,"195 Pine Ln, Smallville, USA",2022-03-10 00:38:09
1083,Charles,Moore,charles.moore1083@example.com,+14042630022,"972 Pine Ln, Otherville, USA",2022-03-11 11:14:52
1084,Mary,Harris,mary.harris1084@example.com,+16644940070,"542 Main St, Central City, USA",2023-05-25 16:43:41
1085,Barbara,Thompson,barbara.thompson1085@example.com,+12300500067,"997 Poplar Dr, Riverdale, USA",2023-11-30 10:13:33
1086,Patricia,Jones,patricia.jones1086@example.com,+16655270665,"554 Main St, Gotham, USA",2023-04-30 17:07:06
1087,Charles,Taylor,charles.taylor1087@example.com,+13611007225,"968 Oak Ave, Gotham, USA",2023-08-03 04:40:42
1088,Linda,Moore,linda.moore1088@example.com,+14459489686,"823 Willow Way, Springfield, USA",2022-09-25 04:08:13
1089,Jessica,Moore,jessica.moore1089@example.com,+15217040173,"562 Willow Way, Springfield, USA",2023-06-30 20:45:49
1090,Robert,Brown,robert.brown1090@example.com,+18628917176,"690 Cedar Dr, Central City, USA",2022-01-16 17:25:51
1091,James,Anderson,james.anderson1091@example.com,+13066650310,"630 Spruce Ln, Nowhere, USA",2022-09-20 09:36:25
1092,Mary,Martin,mary.martin1092@example.com,+15423102940,"109 Elm St, Central City, USA",2023-05-27 21:36:41
1093,David,Thomas,david.thomas1093@example.com,+19473022838,"609 Pine Ln, Otherville, USA",2023-06-14 10:04:26
1094,William,Wilson,william.wilson1094@example.com,+13665399903,"953 Main St, Metropolis, USA",2022-04-02 17:15:45
1095,William,Thomas,william.thomas1095@example.com,+17412425967,"935 Pine Ln, Somewhere, USA",2023-08-07 21:31:50
1096,Jessica,Brown,jessica.brown1096@example.com,+18499264548,"123 Cedar Dr, Riverdale, USA",2023-12-12 16:30:31
1097,Thomas,Miller,thomas.miller1097@example.com,+16638036433,"376 Willow Way, Gotham, USA",2022-09-15 09:44:44
1098,William,Davis,william.davis1098@example.com,+15909091547,"240 Main St, Smallville, USA",2023-07-23 02:47:10
1099,Richard,Garcia,richard.garcia1099@example.com,+15012212758,"305 Spruce Ln, Gotham, USA",2023-04-21 14:10:371100,Taylor,Reed,taylor.reed27@example.com,+16465703771,"789 Hillcrest Ave, Mountain View, USA",2025-11-14 07:42:31
1101,Morgan,Murphy,morgan.murphy36@example.com,+12067612854,"789 Hillcrest Ave, Mountain View, USA",2025-11-14 07:42:31
1102,Taylor,Flores,taylor.flores26@example.com,+11437624214,"123 Market St, Springfield, USA",2025-11-14 07:45:03
1103,Morgan,Bailey,morgan.bailey47@example.com,+18331287361,"789 Hillcrest Ave, Mountain View, USA",2025-11-14 07:45:03
1104,Morgan,Ramirez,morgan.ramirez27@example.com,+15936854268,"456 River Rd, Lakeside, USA",2025-11-14 07:45:03
1105,Jamie,Henderson,jamie.henderson20@example.com,+14003479961,"789 Hillcrest Ave, Mountain View, USA",2025-11-14 07:48:01
1106,Taylor,Cooper,taylor.cooper38@example.com,+12879435367,"456 River Rd, Lakeside, USA",2025-11-14 07:48:01
1107,Jamie,Ramirez,jamie.ramirez43@example.com,+10125822922,"321 Ocean Blvd, Seaside, USA",2025-11-14 07:51:02
1108,Casey,Parker,casey.parker51@example.com,+16247418669,"654 Forest Ln, Woodtown, USA",2025-11-14 07:51:02
1109,Hayden,Murphy,hayden.murphy56@example.com,+15834074001,"123 Market St, Springfield, USA",2025-11-14 07:51:02
1110,Jamie,Ramirez,jamie.ramirez21@example.com,+12039014997,"123 Market St, Springfield, USA",2025-11-14 16:50:07
1111,Avery,Parker,avery.parker33@example.com,+11289250963,"654 Forest Ln, Woodtown, USA",2025-11-14 16:50:07
1112,Avery,Cooper,avery.cooper99@example.com,+13286924736,"321 Ocean Blvd, Seaside, USA",2025-11-14 16:50:11
1113,Riley,Walker,riley.walker69@example.com,+11061927963,"123 Market St, Springfield, USA",2025-11-14 16:50:11
1114,Drew,Murphy,drew.murphy19@example.com,+11512579707,"789 Hillcrest Ave, Mountain View, USA",2025-11-14 16:50:11
1115,Riley,Bailey,riley.bailey35@example.com,+16550638656,"123 Market St, Springfield, USA",2025-11-14 16:51:01
1116,Alex,Walker,alex.walker80@example.com,+15382922390,"456 River Rd, Lakeside, USA",2025-11-14 16:51:01
1117,Jordan,Cooper,jordan.cooper31@example.com,+15799936866,"789 Hillcrest Ave, Mountain View, USA",2025-11-14 16:54:00
1118,Riley,Bailey,riley.bailey47@example.com,+18274299622,"456 River Rd, Lakeside, USA",2025-11-14 16:54:00
1119,Casey,Henderson,casey.henderson91@example.com,+13203696252,"123 Market St, Springfield, USA",2025-11-14 16:54:00
1120,Jamie,Walker,jamie.walker13@example.com,+15221528465,"321 Ocean Blvd, Seaside, USA",2025-11-14 16:57:01
1121,Casey,Henderson,casey.henderson93@example.com,+13936372681,"789 Hillcrest Ave, Mountain View, USA",2025-11-14 16:57:01
1122,Drew,Parker,drew.parker92@example.com,+14195846732,"654 Forest Ln, Woodtown, USA",2025-11-14 17:00:00
1123,Avery,Reed,avery.reed59@example.com,+12288815914,"321 Ocean Blvd, Seaside, USA",2025-11-14 17:00:00
1124,Jamie,Ramirez,jamie.ramirez60@example.com,+15824724072,"654 Forest Ln, Woodtown, USA",2025-11-14 17:00:00
1125,Drew,Ramirez,drew.ramirez59@example.com,+11461163198,"321 Ocean Blvd, Seaside, USA",2025-11-14 17:03:00
1126,Drew,Murphy,drew.murphy72@example.com,+11666510867,"321 Ocean Blvd, Seaside, USA",2025-11-14 17:03:00
1127,Casey,Ramirez,casey.ramirez89@example.com,+10235851714,"123 Market St, Springfield, USA",2025-11-14 17:06:02
1128,Jordan,Murphy,jordan.murphy57@example.com,+15673967303,"789 Hillcrest Ave, Mountain View, USA",2025-11-14 17:06:02
1129,Morgan,Parker,morgan.parker33@example.com,+13097371497,"123 Market St, Springfield, USA",2025-11-14 17:06:02
1130,Hayden,Flores,hayden.flores92@example.com,+16920467141,"321 Ocean Blvd, Seaside, USA",2025-11-14 17:09:01
1131,Riley,Walker,riley.walker26@example.com,+13123383927,"123 Market St, Springfield, USA",2025-11-14 17:09:01
1132,Casey,Parker,casey.parker28@example.com,+17090660633,"789 Hillcrest Ave, Mountain View, USA",2025-11-14 17:12:06
1133,Drew,Campbell,drew.campbell78@example.com,+14527887695,"456 River Rd, Lakeside, USA",2025-11-14 17:12:06
1134,Avery,Bailey,avery.bailey11@example.com,+19167396059,"789 Hillcrest Ave, Mountain View, USA",2025-11-14 17:12:06
1135,Casey,Parker,casey.parker31@example.com,+12314691885,"321 Ocean Blvd, Seaside, USA",2025-11-14 17:15:04
1136,Jamie,Ramirez,jamie.ramirez40@example.com,+17190176647,"456 River Rd, Lakeside, USA",2025-11-14 17:15:04
1137,Jamie,Reed,jamie.reed86@example.com,+13407733912,"456 River Rd, Lakeside, USA",2025-11-14 17:18:01
1138,Riley,Reed,riley.reed96@example.com,+17466798008,"789 Hillcrest Ave, Mountain View, USA",2025-11-14 17:18:01
1139,Jordan,Ramirez,jordan.ramirez58@example.com,+10862101630,"789 Hillcrest Ave, Mountain View, USA",2025-11-14 17:18:01
1140,Casey,Cooper,casey.cooper44@example.com,+11536647988,"123 Market St, Springfield, USA",2025-11-14 17:21:01
1141,Casey,Henderson,casey.henderson20@example.com,+15686143213,"456 River Rd, Lakeside, USA",2025-11-14 17:21:01
1142,Riley,Flores,riley.flores33@example.com,+13442046644,"123 Market St, Springfield, USA",2025-11-14 17:24:00
1143,Avery,Campbell,avery.campbell85@example.com,+11806085815,"654 Forest Ln, Woodtown, USA",2025-11-14 17:24:00
1144,Morgan,Flores,morgan.flores20@example.com,+12956942441,"789 Hillcrest Ave, Mountain View, USA",2025-11-14 17:24:00
1145,Jamie,Ramirez,jamie.ramirez56@example.com,+10309902268,"654 Forest Ln, Woodtown, USA",2025-11-14 17:27:01
1146,Alex,Parker,alex.parker16@example.com,+17897129008,"321 Ocean Blvd, Seaside, USA",2025-11-14 17:27:01
1147,Hayden,Campbell,hayden.campbell30@example.com,+16690475117,"654 Forest Ln, Woodtown, USA",2025-11-14 17:30:01
1148,Hayden,Bailey,hayden.bailey82@example.com,+11857332856,"456 River Rd, Lakeside, USA",2025-11-14 17:30:01
1149,Riley,Bailey,riley.bailey97@example.com,+12925848529,"123 Market St, Springfield, USA",2025-11-14 17:30:01
1150,Drew,Campbell,drew.campbell96@example.com,+12230418927,"654 Forest Ln, Woodtown, USA",2025-11-14 17:33:00
1151,Jamie,Flores,jamie.flores98@example.com,+13282571701,"123 Market St, Springfield, USA",2025-11-14 17:33:00
1152,Jamie,Flores,jamie.flores16@example.com,+15815681457,"456 River Rd, Lakeside, USA",2025-11-14 17:36:00
1153,Avery,Parker,avery.parker31@example.com,+17465664936,"456 River Rd, Lakeside, USA",2025-11-14 17:36:00
1154,Jamie,Henderson,jamie.henderson93@example.com,+11691380795,"321 Ocean Blvd, Seaside, USA",2025-11-14 17:36:00
1155,Taylor,Campbell,taylor.campbell64@example.com,+19985948775,"456 River Rd, Lakeside, USA",2025-11-14 17:39:00
1156,Drew,Reed,drew.reed82@example.com,+17843015994,"654 Forest Ln, Woodtown, USA",2025-11-14 17:39:00
1157,Jamie,Campbell,jamie.campbell94@example.com,+13508611477,"789 Hillcrest Ave, Mountain View, USA",2025-11-14 17:42:00
1158,Jamie,Henderson,jamie.henderson97@example.com,+18313088354,"456 River Rd, Lakeside, USA",2025-11-14 17:42:00
1159,Alex,Murphy,alex.murphy66@example.com,+16737393705,"654 Forest Ln, Woodtown, USA",2025-11-14 17:42:00
1160,Alex,Flores,alex.flores22@example.com,+15045628108,"456 River Rd, Lakeside, USA",2025-11-14 17:45:00
1161,Jordan,Bailey,jordan.bailey37@example.com,+14271937595,"654 Forest Ln, Woodtown, USA",2025-11-14 17:45:00
1162,Riley,Flores,riley.flores73@example.com,+18621516358,"123 Market St, Springfield, USA",2025-11-14 17:48:01
1163,Drew,Ramirez,drew.ramirez92@example.com,+11458445817,"789 Hillcrest Ave, Mountain View, USA",2025-11-14 17:48:01
1164,Alex,Ramirez,alex.ramirez19@example.com,+15831706103,"456 River Rd, Lakeside, USA",2025-11-14 17:48:01
1165,Avery,Bailey,avery.bailey27@example.com,+15253163086,"456 River Rd, Lakeside, USA",2025-11-14 17:51:01
1166,Avery,Bailey,avery.bailey89@example.com,+19853282096,"123 Market St, Springfield, USA",2025-11-14 17:51:01
1167,Hayden,Flores,hayden.flores20@example.com,+19702446327,"456 River Rd, Lakeside, USA",2025-11-14 17:54:00
1168,Avery,Ramirez,avery.ramirez52@example.com,+10467488355,"321 Ocean Blvd, Seaside, USA",2025-11-14 17:54:00
1169,Alex,Parker,alex.parker58@example.com,+15347704771,"654 Forest Ln, Woodtown, USA",2025-11-14 17:54:00
1170,Hayden,Bailey,hayden.bailey74@example.com,+18851728967,"789 Hillcrest Ave, Mountain View, USA",2025-11-14 17:57:01
1171,Casey,Walker,casey.walker96@example.com,+17460032157,"789 Hillcrest Ave, Mountain View, USA",2025-11-14 17:57:01
1172,Jordan,Henderson,jordan.henderson69@example.com,+17634403907,"321 Ocean Blvd, Seaside, USA",2025-11-14 18:00:01
1173,Riley,Ramirez,riley.ramirez37@example.com,+18287448235,"789 Hillcrest Ave, Mountain View, USA",2025-11-14 18:00:01
1174,Jamie,Bailey,jamie.bailey45@example.com,+13974417976,"654 Forest Ln, Woodtown, USA",2025-11-14 18:00:01
1175,Alex,Ramirez,alex.ramirez71@example.com,+11489689873,"321 Ocean Blvd, Seaside, USA",2025-11-14 18:03:00
1176,Hayden,Parker,hayden.parker94@example.com,+18693995087,"123 Market St, Springfield, USA",2025-11-14 18:03:00
1177,Hayden,Cooper,hayden.cooper86@example.com,+15494190114,"456 River Rd, Lakeside, USA",2025-11-14 18:06:00
1178,Riley,Walker,riley.walker59@example.com,+13166494878,"789 Hillcrest Ave, Mountain View, USA",2025-11-14 18:06:00
1179,Riley,Campbell,riley.campbell32@example.com,+17921986082,"123 Market St, Springfield, USA",2025-11-14 18:06:00
1180,Taylor,Murphy,taylor.murphy31@example.com,+18562439784,"321 Ocean Blvd, Seaside, USA",2025-11-14 18:09:01
1181,Riley,Ramirez,riley.ramirez87@example.com,+12948900560,"654 Forest Ln, Woodtown, USA",2025-11-14 18:09:01
1182,Morgan,Walker,morgan.walker15@example.com,+14579358146,"321 Ocean Blvd, Seaside, USA",2025-11-14 18:12:01
1183,Casey,Campbell,casey.campbell94@example.com,+13326224596,"123 Market St, Springfield, USA",2025-11-14 18:12:01
1184,Morgan,Ramirez,morgan.ramirez19@example.com,+19558081655,"123 Market St, Springfield, USA",2025-11-14 18:12:01
1185,Hayden,Bailey,hayden.bailey69@example.com,+12301096898,"456 River Rd, Lakeside, USA",2025-11-14 18:15:01
1186,Hayden,Bailey,hayden.bailey61@example.com,+17486761277,"789 Hillcrest Ave, Mountain View, USA",2025-11-14 18:15:01
1187,Alex,Murphy,alex.murphy46@example.com,+17425305749,"123 Market St, Springfield, USA",2025-11-14 18:18:03
1188,Taylor,Walker,taylor.walker51@example.com,+10873283241,"654 Forest Ln, Woodtown, USA",2025-11-14 18:18:03
1189,Avery,Walker,avery.walker30@example.com,+19699139971,"456 River Rd, Lakeside, USA",2025-11-14 18:18:03
1190,Avery,Ramirez,avery.ramirez37@example.com,+16868305941,"321 Ocean Blvd, Seaside, USA",2025-11-14 18:21:02
1191,Taylor,Cooper,taylor.cooper82@example.com,+16034260466,"123 Market St, Springfield, USA",2025-11-14 18:21:02
1192,Jamie,Campbell,jamie.campbell92@example.com,+15650385264,"321 Ocean Blvd, Seaside, USA",2025-11-14 18:24:00
1193,Casey,Reed,casey.reed11@example.com,+13587630368,"123 Market St, Springfield, USA",2025-11-14 18:24:00
1194,Riley,Ramirez,riley.ramirez86@example.com,+17922584971,"456 River Rd, Lakeside, USA",2025-11-14 18:24:00
1195,Morgan,Parker,morgan.parker54@example.com,+15437875251,"123 Market St, Springfield, USA",2025-11-14 18:27:01
1196,Avery,Parker,avery.parker40@example.com,+13421318996,"789 Hillcrest Ave, Mountain View, USA",2025-11-14 18:27:01
1197,Drew,Bailey,drew.bailey45@example.com,+16058108768,"456 River Rd, Lakeside, USA",2025-11-14 18:30:01
1198,Casey,Cooper,casey.cooper34@example.com,+17104891984,"654 Forest Ln, Woodtown, USA",2025-11-14 18:30:01
1199,Drew,Bailey,drew.bailey67@example.com,+17855117333,"321 Ocean Blvd, Seaside, USA",2025-11-14 18:30:01
1200,Jordan,Henderson,jordan.henderson33@example.com,+14949572786,"456 River Rd, Lakeside, USA",2025-11-14 18:33:01
1201,Jamie,Ramirez,jamie.ramirez19@example.com,+11978273674,"321 Ocean Blvd, Seaside, USA",2025-11-14 18:33:01
1202,Drew,Walker,drew.walker69@example.com,+13584706893,"789 Hillcrest Ave, Mountain View, USA",2025-11-14 18:36:00
1203,Casey,Ramirez,casey.ramirez68@example.com,+17393081221,"123 Market St, Springfield, USA",2025-11-14 18:36:00
1204,Jordan,Walker,jordan.walker11@example.com,+14388148492,"789 Hillcrest Ave, Mountain View, USA",2025-11-14 18:36:00
1205,Jamie,Ramirez,jamie.ramirez14@example.com,+12630510303,"456 River Rd, Lakeside, USA",2025-11-14 18:39:01
1206,Taylor,Ramirez,taylor.ramirez11@example.com,+14591228163,"456 River Rd, Lakeside, USA",2025-11-14 18:39:01
1207,Riley,Walker,riley.walker22@example.com,+14608743046,"456 River Rd, Lakeside, USA",2025-11-14 18:42:01
1208,Casey,Reed,casey.reed39@example.com,+12277843299,"654 Forest Ln, Woodtown, USA",2025-11-14 18:42:01
1209,Riley,Cooper,riley.cooper54@example.com,+15724863539,"654 Forest Ln, Woodtown, USA",2025-11-14 18:42:01
1210,Jordan,Walker,jordan.walker78@example.com,+15583227251,"789 Hillcrest Ave, Mountain View, USA",2025-11-14 18:45:01
1211,Alex,Bailey,alex.bailey29@example.com,+18154551724,"456 River Rd, Lakeside, USA",2025-11-14 18:45:01
1212,Taylor,Cooper,taylor.cooper83@example.com,+12169533546,"654 Forest Ln, Woodtown, USA",2025-11-14 18:48:00
1213,Drew,Murphy,drew.murphy80@example.com,+16461244780,"123 Market St, Springfield, USA",2025-11-14 18:48:00
1214,Morgan,Bailey,morgan.bailey76@example.com,+15415957381,"321 Ocean Blvd, Seaside, USA",2025-11-14 18:48:00
1215,Hayden,Ramirez,hayden.ramirez77@example.com,+12053153600,"654 Forest Ln, Woodtown, USA",2025-11-14 18:51:01
1216,Jordan,Reed,jordan.reed27@example.com,+12540048302,"456 River Rd, Lakeside, USA",2025-11-14 18:51:01
1217,Avery,Henderson,avery.henderson51@example.com,+10435409692,"321 Ocean Blvd, Seaside, USA",2025-11-14 18:54:01
1218,Riley,Murphy,riley.murphy38@example.com,+11254405942,"789 Hillcrest Ave, Mountain View, USA",2025-11-14 18:54:01
1219,Riley,Ramirez,riley.ramirez39@example.com,+16411906555,"321 Ocean Blvd, Seaside, USA",2025-11-14 18:54:01
1220,Avery,Campbell,avery.campbell96@example.com,+14729192877,"654 Forest Ln, Woodtown, USA",2025-11-14 18:57:01
1221,Casey,Ramirez,casey.ramirez94@example.com,+15789292848,"321 Ocean Blvd, Seaside, USA",2025-11-14 18:57:01
1222,Jordan,Henderson,jordan.henderson71@example.com,+19170514765,"654 Forest Ln, Woodtown, USA",2025-11-14 19:00:01
1223,Alex,Walker,alex.walker19@example.com,+12904112394,"456 River Rd, Lakeside, USA",2025-11-14 19:00:01
1224,Avery,Campbell,avery.campbell27@example.com,+16321408776,"654 Forest Ln, Woodtown, USA",2025-11-14 19:00:01
1225,Alex,Parker,alex.parker16@example.com,+10026866291,"123 Market St, Springfield, USA",2025-11-14 19:03:01
1226,Riley,Walker,riley.walker69@example.com,+17496344743,"456 River Rd, Lakeside, USA",2025-11-14 19:03:01
1227,Jordan,Reed,jordan.reed72@example.com,+10324205350,"123 Market St, Springfield, USA",2025-11-14 19:06:01
1228,Taylor,Bailey,taylor.bailey54@example.com,+16442626611,"123 Market St, Springfield, USA",2025-11-14 19:06:01
1229,Jamie,Henderson,jamie.henderson61@example.com,+12701652963,"123 Market St, Springfield, USA",2025-11-14 19:06:01
1230,Riley,Parker,riley.parker19@example.com,+12220768199,"321 Ocean Blvd, Seaside, USA",2025-11-14 19:09:01
1231,Hayden,Ramirez,hayden.ramirez99@example.com,+16514358361,"789 Hillcrest Ave, Mountain View, USA",2025-11-14 19:09:01
1232,Morgan,Walker,morgan.walker16@example.com,+19639639102,"654 Forest Ln, Woodtown, USA",2025-11-14 19:12:01
1233,Avery,Parker,avery.parker42@example.com,+12767412680,"123 Market St, Springfield, USA",2025-11-14 19:12:01
1234,Morgan,Ramirez,morgan.ramirez38@example.com,+19554737799,"789 Hillcrest Ave, Mountain View, USA",2025-11-14 19:12:01
1235,Morgan,Campbell,morgan.campbell51@example.com,+18012769809,"321 Ocean Blvd, Seaside, USA",2025-11-14 19:15:01
1236,Avery,Henderson,avery.henderson61@example.com,+10376428867,"789 Hillcrest Ave, Mountain View, USA",2025-11-14 19:15:01
1237,Jordan,Walker,jordan.walker12@example.com,+18622628219,"123 Market St, Springfield, USA",2025-11-14 19:18:00
1238,Drew,Walker,drew.walker84@example.com,+12024893718,"654 Forest Ln, Woodtown, USA",2025-11-14 19:18:00
1239,Jordan,Campbell,jordan.campbell74@example.com,+13299736437,"654 Forest Ln, Woodtown, USA",2025-11-14 19:18:00
1240,Taylor,Flores,taylor.flores58@example.com,+12564955666,"789 Hillcrest Ave, Mountain View, USA",2025-11-14 19:21:01
1241,Morgan,Walker,morgan.walker73@example.com,+14613295983,"123 Market St, Springfield, USA",2025-11-14 19:21:01
1242,Morgan,Reed,morgan.reed18@example.com,+13074635199,"456 River Rd, Lakeside, USA",2025-11-14 19:24:00
1243,Casey,Parker,casey.parker95@example.com,+14386644509,"456 River Rd, Lakeside, USA",2025-11-14 19:24:00
1244,Taylor,Campbell,taylor.campbell74@example.com,+10521152573,"456 River Rd, Lakeside, USA",2025-11-14 19:24:00
1245,Morgan,Flores,morgan.flores36@example.com,+15566413678,"321 Ocean Blvd, Seaside, USA",2025-11-14 19:27:01
1246,Riley,Walker,riley.walker94@example.com,+19619410517,"123 Market St, Springfield, USA",2025-11-14 19:27:01
1247,Morgan,Cooper,morgan.cooper60@example.com,+11145540216,"123 Market St, Springfield, USA",2025-11-14 19:30:01
1248,Jamie,Bailey,jamie.bailey49@example.com,+12544135751,"321 Ocean Blvd, Seaside, USA",2025-11-14 19:30:01
1249,Avery,Henderson,avery.henderson67@example.com,+17203073435,"123 Market St, Springfield, USA",2025-11-14 19:30:01
1250,Drew,Bailey,drew.bailey73@example.com,+10293958780,"789 Hillcrest Ave, Mountain View, USA",2025-11-14 19:33:00
1251,Jordan,Henderson,jordan.henderson30@example.com,+18302117627,"654 Forest Ln, Woodtown, USA",2025-11-14 19:33:00
1252,Casey,Ramirez,casey.ramirez17@example.com,+18920604475,"789 Hillcrest Ave, Mountain View, USA",2025-11-14 22:24:45
1253,Morgan,Parker,morgan.parker58@example.com,+11487120312,"789 Hillcrest Ave, Mountain View, USA",2025-11-14 22:24:45
1254,Taylor,Henderson,taylor.henderson97@example.com,+12274945513,"456 River Rd, Lakeside, USA",2025-11-14 22:24:45
1255,Taylor,Reed,taylor.reed92@example.com,+15856625567,"123 Market St, Springfield, USA",2025-11-14 22:24:50
1256,Jordan,Murphy,jordan.murphy30@example.com,+17018975510,"321 Ocean Blvd, Seaside, USA",2025-11-14 22:24:50
1257,Taylor,Walker,taylor.walker17@example.com,+18609603789,"456 River Rd, Lakeside, USA",2025-11-14 22:27:01
1258,Morgan,Bailey,morgan.bailey81@example.com,+11726730551,"789 Hillcrest Ave, Mountain View, USA",2025-11-14 22:27:01
1259,Alex,Henderson,alex.henderson33@example.com,+12584419304,"654 Forest Ln, Woodtown, USA",2025-11-14 22:27:01
1260,Alex,Murphy,alex.murphy76@example.com,+14837721114,"789 Hillcrest Ave, Mountain View, USA",2025-11-14 22:30:01
1261,Jordan,Campbell,jordan.campbell82@example.com,+19961343118,"654 Forest Ln, Woodtown, USA",2025-11-14 22:30:01
1262,Drew,Ramirez,drew.ramirez85@example.com,+15680242008,"456 River Rd, Lakeside, USA",2025-11-14 22:33:01
1263,Casey,Walker,casey.walker60@example.com,+17885658644,"123 Market St, Springfield, USA",2025-11-14 22:33:01
1264,Drew,Cooper,drew.cooper47@example.com,+19441458573,"321 Ocean Blvd, Seaside, USA",2025-11-14 22:33:01
1265,Riley,Murphy,riley.murphy95@example.com,+13986544523,"123 Market St, Springfield, USA",2025-11-14 22:36:01
1266,Riley,Walker,riley.walker86@example.com,+10952227409,"321 Ocean Blvd, Seaside, USA",2025-11-14 22:36:01
1267,Alex,Walker,alex.walker70@example.com,+19719498749,"789 Hillcrest Ave, Mountain View, USA",2025-11-14 22:39:01
1268,Alex,Murphy,alex.murphy75@example.com,+10927372464,"123 Market St, Springfield, USA",2025-11-14 22:39:01
1269,Hayden,Henderson,hayden.henderson73@example.com,+19602321146,"321 Ocean Blvd, Seaside, USA",2025-11-14 22:39:01
1270,Jamie,Campbell,jamie.campbell21@example.com,+13908545306,"321 Ocean Blvd, Seaside, USA",2025-11-14 22:42:01
1271,Alex,Cooper,alex.cooper79@example.com,+19956250352,"456 River Rd, Lakeside, USA",2025-11-14 22:42:01
1272,Taylor,Ramirez,taylor.ramirez68@example.com,+14941621542,"654 Forest Ln, Woodtown, USA",2025-11-14 22:45:01
1273,Taylor,Ramirez,taylor.ramirez93@example.com,+14921304246,"123 Market St, Springfield, USA",2025-11-14 22:45:01
1274,Hayden,Parker,hayden.parker79@example.com,+16617225789,"321 Ocean Blvd, Seaside, USA",2025-11-14 22:45:01
1275,Riley,Cooper,riley.cooper21@example.com,+12827605469,"654 Forest Ln, Woodtown, USA",2025-11-14 22:48:02
1276,Casey,Walker,casey.walker33@example.com,+16815028261,"789 Hillcrest Ave, Mountain View, USA",2025-11-14 22:48:02
1277,Morgan,Walker,morgan.walker69@example.com,+15816725037,"654 Forest Ln, Woodtown, USA",2025-11-14 22:51:01
1278,Hayden,Murphy,hayden.murphy93@example.com,+11075375296,"123 Market St, Springfield, USA",2025-11-14 22:51:01
1279,Riley,Flores,riley.flores70@example.com,+10193971778,"456 River Rd, Lakeside, USA",2025-11-14 22:51:01
1280,Alex,Campbell,alex.campbell34@example.com,+15386905428,"123 Market St, Springfield, USA",2025-11-14 22:54:01
1281,Jamie,Parker,jamie.parker41@example.com,+11423541497,"789 Hillcrest Ave, Mountain View, USA",2025-11-14 22:54:01
1282,Morgan,Henderson,morgan.henderson28@example.com,+10248652965,"456 River Rd, Lakeside, USA",2025-11-14 22:58:52
1283,Hayden,Parker,hayden.parker76@example.com,+19403546733,"456 River Rd, Lakeside, USA",2025-11-14 22:58:52
1284,Riley,Bailey,riley.bailey50@example.com,+18441866379,"123 Market St, Springfield, USA",2025-11-14 22:58:52
1285,Jordan,Walker,jordan.walker61@example.com,+14511280372,"123 Market St, Springfield, USA",2025-11-14 23:00:01
1286,Morgan,Walker,morgan.walker57@example.com,+15108160321,"321 Ocean Blvd, Seaside, USA",2025-11-14 23:00:01
1287,Jamie,Murphy,jamie.murphy67@example.com,+10385368598,"789 Hillcrest Ave, Mountain View, USA",2025-11-14 23:03:01
1288,Jamie,Reed,jamie.reed71@example.com,+16113059297,"123 Market St, Springfield, USA",2025-11-14 23:03:01
1289,Morgan,Henderson,morgan.henderson89@example.com,+15463956375,"654 Forest Ln, Woodtown, USA",2025-11-14 23:03:01
1290,Jamie,Murphy,jamie.murphy93@example.com,+11528458159,"456 River Rd, Lakeside, USA",2025-11-14 23:06:01
1291,Jordan,Flores,jordan.flores31@example.com,+11111595186,"789 Hillcrest Ave, Mountain View, USA",2025-11-14 23:06:01
1292,Jamie,Cooper,jamie.cooper91@example.com,+19482345121,"321 Ocean Blvd, Seaside, USA",2025-11-14 23:09:01
1293,Jordan,Reed,jordan.reed88@example.com,+12512745614,"123 Market St, Springfield, USA",2025-11-14 23:09:01
1294,Jordan,Campbell,jordan.campbell93@example.com,+13265444327,"789 Hillcrest Ave, Mountain View, USA",2025-11-14 23:09:01
1295,Jamie,Cooper,jamie.cooper26@example.com,+18038322749,"321 Ocean Blvd, Seaside, USA",2025-11-14 23:12:01
1296,Casey,Parker,casey.parker94@example.com,+14509980392,"321 Ocean Blvd, Seaside, USA",2025-11-14 23:12:01
1297,Hayden,Ramirez,hayden.ramirez81@example.com,+12612559331,"321 Ocean Blvd, Seaside, USA",2025-11-14 23:15:01
1298,Avery,Henderson,avery.henderson63@example.com,+17699955544,"321 Ocean Blvd, Seaside, USA",2025-11-14 23:15:01
1299,Alex,Henderson,alex.henderson53@example.com,+15080190569,"654 Forest Ln, Woodtown, USA",2025-11-14 23:15:01
1300,Alex,Murphy,alex.murphy39@example.com,+10195497140,"321 Ocean Blvd, Seaside, USA",2025-11-14 23:18:01
1301,Morgan,Ramirez,morgan.ramirez42@example.com,+18310803121,"456 River Rd, Lakeside, USA",2025-11-14 23:18:01
1302,Taylor,Murphy,taylor.murphy84@example.com,+13578980611,"789 Hillcrest Ave, Mountain View, USA",2025-11-14 23:21:01
1303,Taylor,Flores,taylor.flores82@example.com,+19390825748,"123 Market St, Springfield, USA",2025-11-14 23:21:01
1304,Jordan,Parker,jordan.parker27@example.com,+17221550704,"456 River Rd, Lakeside, USA",2025-11-14 23:21:01
1305,Alex,Murphy,alex.murphy20@example.com,+18324378034,"789 Hillcrest Ave, Mountain View, USA",2025-11-14 23:24:01
1306,Hayden,Murphy,hayden.murphy89@example.com,+17926973370,"654 Forest Ln, Woodtown, USA",2025-11-14 23:24:01
1307,Morgan,Parker,morgan.parker39@example.com,+18540608029,"456 River Rd, Lakeside, USA",2025-11-14 23:27:01
1308,Casey,Ramirez,casey.ramirez68@example.com,+11908411202,"123 Market St, Springfield, USA",2025-11-14 23:27:01
1309,Hayden,Ramirez,hayden.ramirez61@example.com,+18941963878,"456 River Rd, Lakeside, USA",2025-11-14 23:27:01
1310,Jamie,Parker,jamie.parker64@example.com,+18854095897,"456 River Rd, Lakeside, USA",2025-11-14 23:30:01
1311,Casey,Henderson,casey.henderson88@example.com,+16004893915,"321 Ocean Blvd, Seaside, USA",2025-11-14 23:30:01
1312,Avery,Ramirez,avery.ramirez16@example.com,+12231017308,"321 Ocean Blvd, Seaside, USA",2025-11-14 23:33:02
1313,Casey,Ramirez,casey.ramirez92@example.com,+14744730626,"789 Hillcrest Ave, Mountain View, USA",2025-11-14 23:33:02
1314,Riley,Reed,riley.reed64@example.com,+19209126714,"654 Forest Ln, Woodtown, USA",2025-11-14 23:33:02
1315,Avery,Bailey,avery.bailey63@example.com,+11239527842,"789 Hillcrest Ave, Mountain View, USA",2025-11-14 23:36:01
1316,Avery,Murphy,avery.murphy67@example.com,+17234645416,"456 River Rd, Lakeside, USA",2025-11-14 23:36:01
1317,Hayden,Ramirez,hayden.ramirez57@example.com,+13666426011,"654 Forest Ln, Woodtown, USA",2025-11-14 23:39:01
1318,Casey,Murphy,casey.murphy22@example.com,+19457678708,"123 Market St, Springfield, USA",2025-11-14 23:39:01
1319,Hayden,Reed,hayden.reed55@example.com,+14703807153,"321 Ocean Blvd, Seaside, USA",2025-11-14 23:39:01
1320,Morgan,Henderson,morgan.henderson43@example.com,+17907496394,"321 Ocean Blvd, Seaside, USA",2025-11-14 23:42:01
1321,Alex,Walker,alex.walker23@example.com,+12430293674,"789 Hillcrest Ave, Mountain View, USA",2025-11-14 23:42:01
1322,Riley,Henderson,riley.henderson73@example.com,+13808482185,"654 Forest Ln, Woodtown, USA",2025-11-14 23:45:01
1323,Drew,Walker,drew.walker31@example.com,+13076891242,"654 Forest Ln, Woodtown, USA",2025-11-14 23:45:01
1324,Jamie,Bailey,jamie.bailey50@example.com,+19633165173,"789 Hillcrest Ave, Mountain View, USA",2025-11-14 23:45:01
1325,Jordan,Reed,jordan.reed40@example.com,+15080754780,"456 River Rd, Lakeside, USA",2025-11-14 23:48:01
1326,Jordan,Campbell,jordan.campbell55@example.com,+10637813189,"321 Ocean Blvd, Seaside, USA",2025-11-14 23:48:01
1327,Casey,Murphy,casey.murphy26@example.com,+15109340255,"123 Market St, Springfield, USA",2025-11-14 23:51:01
1328,Riley,Murphy,riley.murphy33@example.com,+14906407680,"654 Forest Ln, Woodtown, USA",2025-11-14 23:51:01
1329,Avery,Henderson,avery.henderson76@example.com,+16018870131,"123 Market St, Springfield, USA",2025-11-14 23:51:01
1330,Riley,Ramirez,riley.ramirez18@example.com,+12119631793,"321 Ocean Blvd, Seaside, USA",2025-11-14 23:54:01
1331,Casey,Reed,casey.reed87@example.com,+17005146213,"789 Hillcrest Ave, Mountain View, USA",2025-11-14 23:54:01
1332,Jamie,Reed,jamie.reed81@example.com,+12628509982,"123 Market St, Springfield, USA",2025-11-14 23:57:01
1333,Jordan,Flores,jordan.flores86@example.com,+15873283584,"321 Ocean Blvd, Seaside, USA",2025-11-14 23:57:01
1334,Avery,Campbell,avery.campbell97@example.com,+17314119024,"321 Ocean Blvd, Seaside, USA",2025-11-14 23:57:01
1335,Jordan,Henderson,jordan.henderson18@example.com,+12450487072,"654 Forest Ln, Woodtown, USA",2025-11-15 00:00:01
1336,Hayden,Henderson,hayden.henderson17@example.com,+14833374643,"321 Ocean Blvd, Seaside, USA",2025-11-15 00:00:01
1337,Taylor,Campbell,taylor.campbell39@example.com,+15985634269,"456 River Rd, Lakeside, USA",2025-11-15 00:03:01
1338,Drew,Ramirez,drew.ramirez20@example.com,+16800439600,"321 Ocean Blvd, Seaside, USA",2025-11-15 00:03:01
1339,Jordan,Reed,jordan.reed48@example.com,+19161926631,"789 Hillcrest Ave, Mountain View, USA",2025-11-15 00:03:01
1340,Riley,Flores,riley.flores25@example.com,+17437362203,"789 Hillcrest Ave, Mountain View, USA",2025-11-15 00:06:01
1341,Alex,Walker,alex.walker11@example.com,+10617174033,"456 River Rd, Lakeside, USA",2025-11-15 00:06:01
1342,Taylor,Reed,taylor.reed48@example.com,+18149278644,"789 Hillcrest Ave, Mountain View, USA",2025-11-15 00:09:01
1343,Morgan,Ramirez,morgan.ramirez37@example.com,+18569837678,"456 River Rd, Lakeside, USA",2025-11-15 00:09:01
1344,Alex,Campbell,alex.campbell77@example.com,+18654792343,"123 Market St, Springfield, USA",2025-11-15 00:09:01
1345,Alex,Ramirez,alex.ramirez42@example.com,+13923174951,"123 Market St, Springfield, USA",2025-11-15 00:12:02
1346,Morgan,Flores,morgan.flores79@example.com,+17918174946,"654 Forest Ln, Woodtown, USA",2025-11-15 00:12:02
1347,Alex,Henderson,alex.henderson58@example.com,+12045712419,"789 Hillcrest Ave, Mountain View, USA",2025-11-15 00:15:01
1348,Morgan,Flores,morgan.flores96@example.com,+12564540485,"321 Ocean Blvd, Seaside, USA",2025-11-15 00:15:01
1349,Jamie,Bailey,jamie.bailey55@example.com,+12113940702,"456 River Rd, Lakeside, USA",2025-11-15 00:15:01
1350,Jamie,Bailey,jamie.bailey35@example.com,+12480313841,"789 Hillcrest Ave, Mountain View, USA",2025-11-15 00:18:01
1351,Avery,Henderson,avery.henderson10@example.com,+12487213367,"654 Forest Ln, Woodtown, USA",2025-11-15 00:18:01
1352,Riley,Parker,riley.parker13@example.com,+17419266732,"789 Hillcrest Ave, Mountain View, USA",2025-11-15 00:21:01
1353,Riley,Ramirez,riley.ramirez31@example.com,+11236193335,"321 Ocean Blvd, Seaside, USA",2025-11-15 00:21:01
1354,Taylor,Parker,taylor.parker11@example.com,+16201785019,"123 Market St, Springfield, USA",2025-11-15 00:21:01
1355,Riley,Murphy,riley.murphy68@example.com,+15240666241,"456 River Rd, Lakeside, USA",2025-11-15 00:24:01
1356,Drew,Campbell,drew.campbell53@example.com,+12151147544,"123 Market St, Springfield, USA",2025-11-15 00:24:01
1357,Taylor,Parker,taylor.parker80@example.com,+18537565238,"456 River Rd, Lakeside, USA",2025-11-15 00:27:01
1358,Casey,Cooper,casey.cooper43@example.com,+17007115987,"123 Market St, Springfield, USA",2025-11-15 00:27:01
1359,Morgan,Henderson,morgan.henderson32@example.com,+14791687530,"321 Ocean Blvd, Seaside, USA",2025-11-15 00:27:01
1360,Riley,Parker,riley.parker44@example.com,+10306297871,"123 Market St, Springfield, USA",2025-11-15 00:30:02
1361,Riley,Walker,riley.walker74@example.com,+13893375816,"321 Ocean Blvd, Seaside, USA",2025-11-15 00:30:02
1362,Riley,Murphy,riley.murphy83@example.com,+14524929377,"789 Hillcrest Ave, Mountain View, USA",2025-11-15 00:33:01
1363,Drew,Parker,drew.parker41@example.com,+14449152286,"123 Market St, Springfield, USA",2025-11-15 00:33:01
1364,Avery,Walker,avery.walker31@example.com,+19623817151,"123 Market St, Springfield, USA",2025-11-15 00:33:01
1365,Drew,Bailey,drew.bailey44@example.com,+15306311176,"456 River Rd, Lakeside, USA",2025-11-15 00:36:01
1366,Taylor,Ramirez,taylor.ramirez24@example.com,+17641122943,"789 Hillcrest Ave, Mountain View, USA",2025-11-15 00:36:01
1367,Drew,Walker,drew.walker39@example.com,+11903898388,"789 Hillcrest Ave, Mountain View, USA",2025-11-15 00:39:01
1368,Morgan,Reed,morgan.reed61@example.com,+12264715887,"321 Ocean Blvd, Seaside, USA",2025-11-15 00:39:01
1369,Morgan,Parker,morgan.parker61@example.com,+10599960354,"456 River Rd, Lakeside, USA",2025-11-15 00:39:01
1370,Riley,Henderson,riley.henderson27@example.com,+18305136530,"123 Market St, Springfield, USA",2025-11-15 00:42:02
1371,Riley,Cooper,riley.cooper27@example.com,+16984613154,"123 Market St, Springfield, USA",2025-11-15 00:42:02
1372,Drew,Cooper,drew.cooper41@example.com,+10516110783,"123 Market St, Springfield, USA",2025-11-15 00:45:02
1373,Taylor,Parker,taylor.parker99@example.com,+11012322896,"456 River Rd, Lakeside, USA",2025-11-15 00:45:02
1374,Avery,Flores,avery.flores39@example.com,+17850052702,"321 Ocean Blvd, Seaside, USA",2025-11-15 00:45:02
1375,Alex,Flores,alex.flores22@example.com,+10736792412,"456 River Rd, Lakeside, USA",2025-11-15 00:48:01
1376,Jamie,Walker,jamie.walker25@example.com,+12732766089,"123 Market St, Springfield, USA",2025-11-15 00:48:01
1377,Taylor,Bailey,taylor.bailey25@example.com,+19242634252,"789 Hillcrest Ave, Mountain View, USA",2025-11-15 00:51:02
1378,Riley,Cooper,riley.cooper60@example.com,+19733281913,"789 Hillcrest Ave, Mountain View, USA",2025-11-15 00:51:02
1379,Alex,Flores,alex.flores52@example.com,+19451216873,"123 Market St, Springfield, USA",2025-11-15 00:51:02
1380,Morgan,Ramirez,morgan.ramirez47@example.com,+12620694924,"123 Market St, Springfield, USA",2025-11-15 00:54:01
1381,Alex,Cooper,alex.cooper38@example.com,+16693365219,"123 Market St, Springfield, USA",2025-11-15 00:54:01
1382,Alex,Parker,alex.parker59@example.com,+14569427418,"456 River Rd, Lakeside, USA",2025-11-15 00:57:02
1383,Jamie,Campbell,jamie.campbell75@example.com,+10622359817,"321 Ocean Blvd, Seaside, USA",2025-11-15 00:57:02
1384,Casey,Murphy,casey.murphy13@example.com,+13422280990,"321 Ocean Blvd, Seaside, USA",2025-11-15 00:57:02
1385,Taylor,Walker,taylor.walker48@example.com,+10031784044,"789 Hillcrest Ave, Mountain View, USA",2025-11-15 01:00:02
1386,Drew,Reed,drew.reed38@example.com,+14895850813,"123 Market St, Springfield, USA",2025-11-15 01:00:02
1387,Hayden,Cooper,hayden.cooper40@example.com,+18156943175,"654 Forest Ln, Woodtown, USA",2025-11-15 01:03:01
1388,Avery,Flores,avery.flores91@example.com,+19643563129,"123 Market St, Springfield, USA",2025-11-15 01:03:01
1389,Morgan,Campbell,morgan.campbell45@example.com,+11151666412,"123 Market St, Springfield, USA",2025-11-15 01:03:01
1390,Jamie,Reed,jamie.reed20@example.com,+15653267947,"789 Hillcrest Ave, Mountain View, USA",2025-11-15 01:06:01
1391,Taylor,Reed,taylor.reed56@example.com,+17374342320,"123 Market St, Springfield, USA",2025-11-15 01:06:01
1392,Alex,Murphy,alex.murphy92@example.com,+10846968687,"654 Forest Ln, Woodtown, USA",2025-11-15 01:09:02
1393,Taylor,Campbell,taylor.campbell70@example.com,+11537534663,"789 Hillcrest Ave, Mountain View, USA",2025-11-15 01:09:02
1394,Alex,Bailey,alex.bailey56@example.com,+16594692161,"123 Market St, Springfield, USA",2025-11-15 01:09:02
1395,Avery,Flores,avery.flores77@example.com,+18929816747,"654 Forest Ln, Woodtown, USA",2025-11-15 01:12:01
1396,Alex,Walker,alex.walker62@example.com,+10421227951,"654 Forest Ln, Woodtown, USA",2025-11-15 01:12:01
1397,Avery,Parker,avery.parker50@example.com,+15129201301,"456 River Rd, Lakeside, USA",2025-11-15 01:15:01
1398,Riley,Murphy,riley.murphy49@example.com,+18140375642,"456 River Rd, Lakeside, USA",2025-11-15 01:15:01
1399,Avery,Reed,avery.reed99@example.com,+19984441201,"654 Forest Ln, Woodtown, USA",2025-11-15 01:15:01
1400,Riley,Flores,riley.flores33@example.com,+11882015824,"456 River Rd, Lakeside, USA",2025-11-15 01:18:01
1401,Casey,Cooper,casey.cooper34@example.com,+18132411639,"654 Forest Ln, Woodtown, USA",2025-11-15 01:18:01
1402,Taylor,Bailey,taylor.bailey80@example.com,+10228783814,"321 Ocean Blvd, Seaside, USA",2025-11-15 01:21:01
1403,Morgan,Campbell,morgan.campbell46@example.com,+10940939910,"789 Hillcrest Ave, Mountain View, USA",2025-11-15 01:21:01
1404,Alex,Campbell,alex.campbell78@example.com,+12848183425,"456 River Rd, Lakeside, USA",2025-11-15 01:21:01
1405,Alex,Reed,alex.reed62@example.com,+14447746594,"654 Forest Ln, Woodtown, USA",2025-11-15 01:24:01
1406,Hayden,Reed,hayden.reed83@example.com,+15542499438,"654 Forest Ln, Woodtown, USA",2025-11-15 01:24:01
1407,Hayden,Reed,hayden.reed49@example.com,+19399749246,"789 Hillcrest Ave, Mountain View, USA",2025-11-15 01:27:01
1408,Hayden,Ramirez,hayden.ramirez78@example.com,+14030592733,"654 Forest Ln, Woodtown, USA",2025-11-15 01:27:01
1409,Riley,Parker,riley.parker35@example.com,+14334133209,"789 Hillcrest Ave, Mountain View, USA",2025-11-15 01:27:01
1410,Avery,Walker,avery.walker56@example.com,+17651010980,"123 Market St, Springfield, USA",2025-11-15 01:30:00
1411,Casey,Bailey,casey.bailey73@example.com,+19270473192,"321 Ocean Blvd, Seaside, USA",2025-11-15 01:30:00
1412,Hayden,Campbell,hayden.campbell90@example.com,+15718926437,"654 Forest Ln, Woodtown, USA",2025-11-15 01:33:00
1413,Drew,Reed,drew.reed59@example.com,+16640125467,"654 Forest Ln, Woodtown, USA",2025-11-15 01:33:00
1414,Taylor,Murphy,taylor.murphy58@example.com,+18623321760,"123 Market St, Springfield, USA",2025-11-15 01:33:00
1415,Jordan,Campbell,jordan.campbell39@example.com,+15003431123,"789 Hillcrest Ave, Mountain View, USA",2025-11-15 01:36:00
1416,Hayden,Flores,hayden.flores84@example.com,+15566224870,"789 Hillcrest Ave, Mountain View, USA",2025-11-15 01:36:00
1417,Morgan,Bailey,morgan.bailey77@example.com,+13271266603,"456 River Rd, Lakeside, USA",2025-11-15 01:39:01
1418,Avery,Murphy,avery.murphy59@example.com,+15028367065,"321 Ocean Blvd, Seaside, USA",2025-11-15 01:39:01
1419,Casey,Campbell,casey.campbell85@example.com,+14168260197,"789 Hillcrest Ave, Mountain View, USA",2025-11-15 01:39:01
1420,Jordan,Campbell,jordan.campbell69@example.com,+11683244161,"654 Forest Ln, Woodtown, USA",2025-11-15 01:42:01
1421,Riley,Ramirez,riley.ramirez71@example.com,+10801685424,"789 Hillcrest Ave, Mountain View, USA",2025-11-15 01:42:01
1422,Riley,Flores,riley.flores88@example.com,+19056035299,"654 Forest Ln, Woodtown, USA",2025-11-15 01:45:01
1423,Riley,Campbell,riley.campbell97@example.com,+12572808938,"456 River Rd, Lakeside, USA",2025-11-15 01:45:01
1424,Hayden,Flores,hayden.flores13@example.com,+13428999414,"789 Hillcrest Ave, Mountain View, USA",2025-11-15 01:45:01
1425,Alex,Ramirez,alex.ramirez36@example.com,+12340886590,"654 Forest Ln, Woodtown, USA",2025-11-15 01:48:01
1426,Jamie,Cooper,jamie.cooper60@example.com,+19342997772,"123 Market St, Springfield, USA",2025-11-15 01:48:01
1427,Taylor,Flores,taylor.flores53@example.com,+18942161902,"321 Ocean Blvd, Seaside, USA",2025-11-15 01:51:00
1428,Riley,Walker,riley.walker62@example.com,+17478089818,"321 Ocean Blvd, Seaside, USA",2025-11-15 01:51:00
1429,Taylor,Ramirez,taylor.ramirez79@example.com,+11824365866,"456 River Rd, Lakeside, USA",2025-11-15 01:51:00
1430,Drew,Bailey,drew.bailey69@example.com,+11700196598,"123 Market St, Springfield, USA",2025-11-15 01:54:02
1431,Jordan,Parker,jordan.parker79@example.com,+10529135475,"123 Market St, Springfield, USA",2025-11-15 01:54:02
1432,Avery,Reed,avery.reed42@example.com,+12345370842,"654 Forest Ln, Woodtown, USA",2025-11-15 01:57:02
1433,Taylor,Campbell,taylor.campbell55@example.com,+13767587368,"123 Market St, Springfield, USA",2025-11-15 01:57:02
1434,Hayden,Reed,hayden.reed60@example.com,+19993245202,"654 Forest Ln, Woodtown, USA",2025-11-15 01:57:02
1435,Jamie,Campbell,jamie.campbell39@example.com,+17057445985,"654 Forest Ln, Woodtown, USA",2025-11-15 02:00:02
1436,Morgan,Henderson,morgan.henderson81@example.com,+16107683005,"456 River Rd, Lakeside, USA",2025-11-15 02:00:02
1437,Jordan,Cooper,jordan.cooper97@example.com,+18177245844,"654 Forest Ln, Woodtown, USA",2025-11-15 02:03:01
1438,Jamie,Parker,jamie.parker75@example.com,+15136074124,"789 Hillcrest Ave, Mountain View, USA",2025-11-15 02:03:01
1439,Jamie,Henderson,jamie.henderson53@example.com,+12421554334,"123 Market St, Springfield, USA",2025-11-15 02:03:01
1440,Alex,Henderson,alex.henderson13@example.com,+10729551101,"654 Forest Ln, Woodtown, USA",2025-11-15 02:06:01
1441,Jamie,Flores,jamie.flores53@example.com,+14913549920,"789 Hillcrest Ave, Mountain View, USA",2025-11-15 02:06:01
1442,Riley,Flores,riley.flores72@example.com,+14808645698,"789 Hillcrest Ave, Mountain View, USA",2025-11-15 02:09:01
1443,Morgan,Flores,morgan.flores35@example.com,+15807361991,"321 Ocean Blvd, Seaside, USA",2025-11-15 02:09:01
1444,Hayden,Campbell,hayden.campbell22@example.com,+13250983936,"321 Ocean Blvd, Seaside, USA",2025-11-15 02:09:01
1445,Jordan,Henderson,jordan.henderson14@example.com,+13598296288,"789 Hillcrest Ave, Mountain View, USA",2025-11-15 02:12:04
1446,Alex,Ramirez,alex.ramirez88@example.com,+19003836830,"456 River Rd, Lakeside, USA",2025-11-15 02:12:04
1447,Drew,Henderson,drew.henderson85@example.com,+13001352970,"123 Market St, Springfield, USA",2025-11-15 02:15:01
1448,Drew,Ramirez,drew.ramirez51@example.com,+13806045545,"123 Market St, Springfield, USA",2025-11-15 02:15:01
1449,Hayden,Parker,hayden.parker59@example.com,+14949903411,"321 Ocean Blvd, Seaside, USA",2025-11-15 02:15:01
1450,Casey,Reed,casey.reed77@example.com,+14901021939,"654 Forest Ln, Woodtown, USA",2025-11-15 02:18:01
1451,Avery,Reed,avery.reed75@example.com,+18483470927,"789 Hillcrest Ave, Mountain View, USA",2025-11-15 02:18:01
1452,Drew,Murphy,drew.murphy87@example.com,+11603632469,"789 Hillcrest Ave, Mountain View, USA",2025-11-15 02:21:01
1453,Drew,Cooper,drew.cooper21@example.com,+13599422922,"456 River Rd, Lakeside, USA",2025-11-15 02:21:01
1454,Drew,Bailey,drew.bailey19@example.com,+17003775320,"456 River Rd, Lakeside, USA",2025-11-15 02:21:01
1455,Jamie,Ramirez,jamie.ramirez14@example.com,+16802172468,"789 Hillcrest Ave, Mountain View, USA",2025-11-15 02:24:01
1456,Taylor,Parker,taylor.parker82@example.com,+17017585158,"321 Ocean Blvd, Seaside, USA",2025-11-15 02:24:01
1457,Morgan,Cooper,morgan.cooper61@example.com,+11550429980,"654 Forest Ln, Woodtown, USA",2025-11-15 02:32:58
1458,Casey,Ramirez,casey.ramirez26@example.com,+17556735620,"789 Hillcrest Ave, Mountain View, USA",2025-11-15 02:32:58
1459,Casey,Henderson,casey.henderson32@example.com,+14878175707,"789 Hillcrest Ave, Mountain View, USA",2025-11-15 02:32:58
1460,Hayden,Bailey,hayden.bailey56@example.com,+12630538335,"123 Market St, Springfield, USA",2025-11-15 02:33:01
1461,Riley,Reed,riley.reed11@example.com,+13993145975,"789 Hillcrest Ave, Mountain View, USA",2025-11-15 02:33:01
1462,Jamie,Cooper,jamie.cooper90@example.com,+19472127100,"654 Forest Ln, Woodtown, USA",2025-11-15 02:36:01
1463,Avery,Parker,avery.parker64@example.com,+19924701084,"321 Ocean Blvd, Seaside, USA",2025-11-15 02:36:01
1464,Alex,Bailey,alex.bailey83@example.com,+12570364907,"321 Ocean Blvd, Seaside, USA",2025-11-15 02:36:01
1465,Hayden,Campbell,hayden.campbell75@example.com,+15758848085,"321 Ocean Blvd, Seaside, USA",2025-11-15 02:39:02
1466,Taylor,Henderson,taylor.henderson86@example.com,+12871640127,"123 Market St, Springfield, USA",2025-11-15 02:39:02
1467,Avery,Parker,avery.parker24@example.com,+10287777321,"456 River Rd, Lakeside, USA",2025-11-15 02:46:45
1468,Drew,Bailey,drew.bailey69@example.com,+17877961324,"123 Market St, Springfield, USA",2025-11-15 02:46:45
1469,Riley,Murphy,riley.murphy35@example.com,+14716158257,"456 River Rd, Lakeside, USA",2025-11-15 02:46:45
1470,Taylor,Campbell,taylor.campbell55@example.com,+11110419484,"789 Hillcrest Ave, Mountain View, USA",2025-11-15 02:48:01
1471,Riley,Reed,riley.reed69@example.com,+11699885379,"654 Forest Ln, Woodtown, USA",2025-11-15 02:48:01
1472,Hayden,Reed,hayden.reed34@example.com,+19477886923,"123 Market St, Springfield, USA",2025-11-15 02:51:04
1473,Morgan,Campbell,morgan.campbell40@example.com,+11085448109,"456 River Rd, Lakeside, USA",2025-11-15 02:51:04
1474,Avery,Parker,avery.parker44@example.com,+15964304895,"123 Market St, Springfield, USA",2025-11-15 02:51:04
1475,Riley,Parker,riley.parker71@example.com,+10119799202,"789 Hillcrest Ave, Mountain View, USA",2025-11-15 02:54:07
1476,Riley,Flores,riley.flores26@example.com,+14818388230,"789 Hillcrest Ave, Mountain View, USA",2025-11-15 02:54:07
1477,Riley,Parker,riley.parker77@example.com,+19248393444,"123 Market St, Springfield, USA",2025-11-15 02:57:04
1478,Alex,Campbell,alex.campbell70@example.com,+17945975400,"321 Ocean Blvd, Seaside, USA",2025-11-15 02:57:04
1479,Alex,Reed,alex.reed30@example.com,+13791508188,"789 Hillcrest Ave, Mountain View, USA",2025-11-15 02:57:04
1480,Taylor,Murphy,taylor.murphy53@example.com,+11008533176,"654 Forest Ln, Woodtown, USA",2025-11-15 03:00:03
1481,Jordan,Flores,jordan.flores20@example.com,+16703068845,"456 River Rd, Lakeside, USA",2025-11-15 03:00:03
1482,Taylor,Henderson,taylor.henderson67@example.com,+11713059864,"789 Hillcrest Ave, Mountain View, USA",2025-11-15 03:03:10
1483,Casey,Reed,casey.reed50@example.com,+16258741105,"654 Forest Ln, Woodtown, USA",2025-11-15 03:03:10
1484,Drew,Murphy,drew.murphy23@example.com,+15165862678,"456 River Rd, Lakeside, USA",2025-11-15 03:03:10
1485,Taylor,Walker,taylor.walker84@example.com,+11988445000,"654 Forest Ln, Woodtown, USA",2025-11-15 03:06:03
1486,Riley,Parker,riley.parker70@example.com,+11411525889,"456 River Rd, Lakeside, USA",2025-11-15 03:06:03
1487,Drew,Campbell,drew.campbell98@example.com,+10673409079,"654 Forest Ln, Woodtown, USA",2025-11-15 03:09:02
1488,Drew,Murphy,drew.murphy21@example.com,+13063906532,"456 River Rd, Lakeside, USA",2025-11-15 03:09:02
1489,Riley,Flores,riley.flores81@example.com,+12806125664,"321 Ocean Blvd, Seaside, USA",2025-11-15 03:09:02
1490,Riley,Parker,riley.parker33@example.com,+18806981066,"789 Hillcrest Ave, Mountain View, USA",2025-11-15 03:12:01
1491,Jamie,Parker,jamie.parker95@example.com,+14521325424,"321 Ocean Blvd, Seaside, USA",2025-11-15 03:12:01
1492,Alex,Walker,alex.walker86@example.com,+15147308613,"789 Hillcrest Ave, Mountain View, USA",2025-11-15 03:15:03
1493,Riley,Walker,riley.walker92@example.com,+12003217862,"321 Ocean Blvd, Seaside, USA",2025-11-15 03:15:03
1494,Avery,Walker,avery.walker13@example.com,+18993609314,"789 Hillcrest Ave, Mountain View, USA",2025-11-15 03:15:03
1495,Riley,Murphy,riley.murphy83@example.com,+17735360516,"654 Forest Ln, Woodtown, USA",2025-11-15 03:18:22
1496,Casey,Campbell,casey.campbell51@example.com,+13280874276,"654 Forest Ln, Woodtown, USA",2025-11-15 03:18:22
1497,Morgan,Ramirez,morgan.ramirez59@example.com,+16891184878,"321 Ocean Blvd, Seaside, USA",2025-11-15 03:21:01
1498,Morgan,Murphy,morgan.murphy89@example.com,+12403839157,"654 Forest Ln, Woodtown, USA",2025-11-15 03:21:01
1499,Alex,Walker,alex.walker81@example.com,+18198796820,"789 Hillcrest Ave, Mountain View, USA",2025-11-15 03:21:01
1500,Jordan,Parker,jordan.parker47@example.com,+10886809917,"456 River Rd, Lakeside, USA",2025-11-15 03:24:08
1501,Avery,Bailey,avery.bailey74@example.com,+13240776519,"789 Hillcrest Ave, Mountain View, USA",2025-11-15 03:24:08
1502,Avery,Walker,avery.walker82@example.com,+19147393003,"123 Market St, Springfield, USA",2025-11-15 03:27:02
1503,Hayden,Walker,hayden.walker82@example.com,+13587919828,"321 Ocean Blvd, Seaside, USA",2025-11-15 03:27:02
1504,Avery,Henderson,avery.henderson93@example.com,+10093913615,"123 Market St, Springfield, USA",2025-11-15 03:27:02
1505,Alex,Murphy,alex.murphy62@example.com,+19158121777,"654 Forest Ln, Woodtown, USA",2025-11-15 03:30:02
1506,Riley,Murphy,riley.murphy25@example.com,+17005381250,"123 Market St, Springfield, USA",2025-11-15 03:30:02
1507,Riley,Henderson,riley.henderson93@example.com,+19266528028,"654 Forest Ln, Woodtown, USA",2025-11-15 03:33:03
1508,Alex,Ramirez,alex.ramirez97@example.com,+12757262653,"123 Market St, Springfield, USA",2025-11-15 03:33:03
1509,Jamie,Cooper,jamie.cooper83@example.com,+18027243749,"456 River Rd, Lakeside, USA",2025-11-15 03:33:03
1510,Avery,Cooper,avery.cooper79@example.com,+13012420699,"654 Forest Ln, Woodtown, USA",2025-11-15 03:36:01
1511,Jordan,Flores,jordan.flores74@example.com,+16982949755,"123 Market St, Springfield, USA",2025-11-15 03:36:01
