order_id,customer_id,order_date,total_amount,order_level_payment_status,product_id,product_name,category,price,payment_id,payment_method,transaction_payment_status
1,101,2025-03-01 10:00:00,150.00,Paid,201,Laptop,Electronics,1200.00,301,Credit Card,Completed
1,101,2025-03-01 10:00:00,150.00,Paid,202,Wireless Mouse,Electronics,30.00,301,Credit Card,Completed
2,102,2025-03-01 11:30:00,50.00,Pending,203,Casual T-Shirt,Apparel,25.00,302,PayPal,Pending
3,103,2025-03-02 12:45:00,200.00,Paid,204,Noise-Cancelling Headphones,Electronics,180.00,303,Bank Transfer,Completed
3,103,2025-03-02 12:45:00,200.00,Paid,205,Mechanical Keyboard,Electronics,60.00,303,Bank Transfer,Completed
4,104,2025-03-02 14:00:00,75.50,Paid,206,Espresso Machine,Home Goods,75.50,304,Credit Card,Completed
5,105,2025-03-03 09:15:00,30.00,Refunded,207,Sci-Fi Novel,Books,15.00,305,PayPal,Refunded
5,105,2025-03-03 09:15:00,30.00,Refunded,208,Reading Light,Books,10.00,305,PayPal,Refunded
6,106,2025-03-03 16:30:00,120.00,Paid,209,Smartwatch,Electronics,120.00,306,Credit Card,Completed
7,107,2025-03-04 08:45:00,45.00,Pending,210,Running Shoes,Apparel,45.00,307,Bank Transfer,Pending
8,108,2025-03-04 13:00:00,80.00,Paid,211,Blender,Home Goods,80.00,308,Credit Card,Completed
9,109,2025-03-05 10:10:00,25.00,Paid,212,Yoga Mat,Sports,25.00,309,PayPal,Completed
10,110,2025-03-05 15:20:00,350.00,Paid,213,Gaming Monitor,Electronics,350.00,310,Credit Card,Completed
11,101,2025-03-06 09:00:00,18.00,Paid,203,Casual T-Shirt,Apparel,25.00,311,PayPal,Completed
12,102,2025-03-06 14:00:00,15.00,Pending,207,Sci-Fi Novel,Books,15.00,312,Credit Card,Pending
13,103,2025-03-07 11:00:00,45.00,Paid,210,Running Shoes,Apparel,45.00,313,Bank Transfer,Completed
14,104,2025-03-07 16:00:00,60.00,Paid,205,Mechanical Keyboard,Electronics,60.00,314,Credit Card,Completed
15,105,2025-03-08 08:30:00,120.00,Refunded,209,Smartwatch,Electronics,120.00,315,PayPal,Refunded
16,106,2025-03-08 13:40:00,80.00,Paid,211,Blender,Home Goods,80.00,316,Credit Card,Completed
17,107,2025-03-09 10:50:00,25.00,Paid,212,Yoga Mat,Sports,25.00,317,PayPal,Completed
18,108,2025-03-09 15:10:00,180.00,Paid,204,Noise-Cancelling Headphones,Electronics,180.00,318,Bank Transfer,Completed
19,109,2025-03-10 09:20:00,30.00,Pending,202,Wireless Mouse,Electronics,30.00,319,Credit Card,Pending
20,110,2025-03-10 14:30:00,1200.00,Paid,201,Laptop,Electronics,1200.00,320,PayPal,Completed
21,101,2025-03-11 11:40:00,75.50,Paid,206,Espresso Machine,Home Goods,75.50,321,Bank Transfer,Completed
22,102,2025-03-11 16:50:00,10.00,Paid,208,Reading Light,Books,10.00,322,Credit Card,Completed
23,103,2025-03-12 09:00:00,350.00,Pending,213,Gaming Monitor,Electronics,350.00,323,PayPal,Pending
24,104,2025-03-12 13:10:00,25.00,Paid,203,Casual T-Shirt,Apparel,25.00,324,Credit Card,Completed
25,105,2025-03-13 10:20:00,45.00,Refunded,210,Running Shoes,Apparel,45.00,325,Bank Transfer,Refunded
26,106,2025-03-13 15:30:00,60.00,Paid,205,Mechanical Keyboard,Electronics,60.00,326,Credit Card,Completed
27,107,2025-03-14 09:40:00,120.00,Paid,209,Smartwatch,Electronics,120.00,327,PayPal,Completed
28,108,2025-03-14 14:50:00,80.00,Paid,211,Blender,Home Goods,80.00,328,Bank Transfer,Completed
29,109,2025-03-15 11:00:00,180.00,Pending,204,Noise-Cancelling Headphones,Electronics,180.00,329,Credit Card,Pending
30,110,2025-03-15 16:10:00,30.00,Paid,202,Wireless Mouse,Electronics,30.00,330,PayPal,Completed
31,101,2025-03-16 09:20:00,1200.00,Paid,201,Laptop,Electronics,1200.00,331,Bank Transfer,Completed
32,102,2025-03-16 14:30:00,75.50,Paid,206,Espresso Machine,Home Goods,75.50,332,Credit Card,Completed
33,103,2025-03-17 11:40:00,10.00,Pending,208,Reading Light,Books,10.00,333,PayPal,Pending
34,104,2025-03-17 16:50:00,350.00,Paid,213,Gaming Monitor,Electronics,350.00,334,Credit Card,Completed
35,105,2025-03-18 09:00:00,25.00,Refunded,203,Casual T-Shirt,Apparel,25.00,335,Bank Transfer,Refunded
36,106,2025-03-18 13:10:00,45.00,Paid,210,Running Shoes,Apparel,45.00,336,Credit Card,Completed
37,107,2025-03-19 10:20:00,60.00,Paid,205,Mechanical Keyboard,Electronics,60.00,337,PayPal,Completed
38,108,2025-03-19 15:30:00,120.00,Paid,209,Smartwatch,Electronics,120.00,338,Bank Transfer,Completed
39,109,2025-03-20 09:40:00,80.00,Pending,211,Blender,Home Goods,80.00,339,Credit Card,Pending
40,110,2025-03-20 14:50:00,180.00,Paid,204,Noise-Cancelling Headphones,Electronics,180.00,340,PayPal,Completed
41,101,2025-03-21 11:00:00,30.00,Paid,202,Wireless Mouse,Electronics,30.00,341,Bank Transfer,Completed
42,102,2025-03-21 16:10:00,1200.00,Paid,201,Laptop,Electronics,1200.00,342,Credit Card,Completed
43,103,2025-03-22 09:20:00,75.50,Pending,206,Espresso Machine,Home Goods,75.50,343,PayPal,Pending
44,104,2025-03-22 14:30:00,10.00,Paid,208,Reading Light,Books,10.00,344,Credit Card,Completed
45,105,2025-03-23 11:40:00,350.00,Refunded,213,Gaming Monitor,Electronics,350.00,345,Bank Transfer,Refunded
46,106,2025-03-23 16:50:00,25.00,Paid,203,Casual T-Shirt,Apparel,25.00,346,Credit Card,Completed
47,107,2025-03-24 09:00:00,45.00,Paid,210,Running Shoes,Apparel,45.00,347,PayPal,Completed
48,108,2025-03-24 13:10:00,60.00,Paid,205,Mechanical Keyboard,Electronics,60.00,348,Bank Transfer,Completed
49,109,2025-03-25 10:20:00,120.00,Pending,209,Smartwatch,Electronics,120.00,349,Credit Card,Pending
50,110,2025-03-25 15:30:00,80.00,Paid,211,Blender,Home Goods,80.00,350,PayPal,Completed
51,101,2025-03-26 09:40:00,180.00,Paid,204,Noise-Cancelling Headphones,Electronics,180.00,351,Bank Transfer,Completed
52,102,2025-03-26 14:50:00,30.00,Paid,202,Wireless Mouse,Electronics,30.00,352,Credit Card,Completed
53,103,2025-03-27 11:00:00,1200.00,Pending,201,Laptop,Electronics,1200.00,353,PayPal,Pending
54,104,2025-03-27 16:10:00,75.50,Paid,206,Espresso Machine,Home Goods,75.50,354,Credit Card,Completed
55,105,2025-03-28 09:20:00,10.00,Refunded,208,Reading Light,Books,10.00,355,Bank Transfer,Refunded
56,106,2025-03-28 14:30:00,350.00,Paid,213,Gaming Monitor,Electronics,350.00,356,Credit Card,Completed
57,107,2025-03-29 11:40:00,25.00,Paid,203,Casual T-Shirt,Apparel,25.00,357,PayPal,Completed
58,108,2025-03-29 16:50:00,45.00,Paid,210,Running Shoes,Apparel,45.00,358,Bank Transfer,Completed
59,109,2025-03-30 09:00:00,60.00,Pending,205,Mechanical Keyboard,Electronics,60.00,359,Credit Card,Pending
60,110,2025-03-30 13:10:00,120.00,Paid,209,Smartwatch,Electronics,120.00,360,PayPal,Completed
61,101,2025-03-31 10:20:00,80.00,Paid,211,Blender,Home Goods,80.00,361,Bank Transfer,Completed
62,102,2025-03-31 15:30:00,180.00,Paid,204,Noise-Cancelling Headphones,Electronics,180.00,362,Credit Card,Completed
63,103,2025-04-01 09:40:00,30.00,Pending,202,Wireless Mouse,Electronics,30.00,363,PayPal,Pending
64,104,2025-04-01 14:50:00,1200.00,Paid,201,Laptop,Electronics,1200.00,364,Credit Card,Completed
65,105,2025-04-02 11:00:00,75.50,Refunded,206,Espresso Machine,Home Goods,75.50,365,Bank Transfer,Refunded
66,106,2025-04-02 16:10:00,10.00,Paid,208,Reading Light,Books,10.00,366,Credit Card,Completed
67,107,2025-04-03 09:20:00,350.00,Paid,213,Gaming Monitor,Electronics,350.00,367,PayPal,Completed
68,108,2025-04-03 14:30:00,25.00,Paid,203,Casual T-Shirt,Apparel,25.00,368,Bank Transfer,Completed
69,109,2025-04-04 11:40:00,45.00,Pending,210,Running Shoes,Apparel,45.00,369,Credit Card,Pending
70,110,2025-04-04 16:50:00,60.00,Paid,205,Mechanical Keyboard,Electronics,60.00,370,PayPal,Completed
71,101,2025-04-05 09:00:00,120.00,Paid,209,Smartwatch,Electronics,120.00,371,Bank Transfer,Completed
72,102,2025-04-05 13:10:00,80.00,Paid,211,Blender,Home Goods,80.00,372,Credit Card,Completed
73,103,2025-04-06 10:20:00,180.00,Pending,204,Noise-Cancelling Headphones,Electronics,180.00,373,PayPal,Pending
74,104,2025-04-06 15:30:00,30.00,Paid,202,Wireless Mouse,Electronics,30.00,374,Credit Card,Completed
75,105,2025-04-07 09:40:00,1200.00,Refunded,201,Laptop,Electronics,1200.00,375,Bank Transfer,Refunded
76,106,2025-04-07 14:50:00,75.50,Paid,206,Espresso Machine,Home Goods,75.50,376,Credit Card,Completed
77,107,2025-04-08 11:00:00,10.00,Paid,208,Reading Light,Books,10.00,377,PayPal,Completed
78,108,2025-04-08 16:10:00,350.00,Pending,213,Gaming Monitor,Electronics,350.00,378,Bank Transfer,Pending
79,109,2025-04-09 09:20:00,25.00,Paid,203,Casual T-Shirt,Apparel,25.00,379,Credit Card,Completed
80,110,2025-04-09 14:30:00,45.00,Paid,210,Running Shoes,Apparel,45.00,380,PayPal,Completed
81,101,2025-04-10 11:40:00,60.00,Paid,205,Mechanical Keyboard,Electronics,60.00,381,Bank Transfer,Completed
82,102,2025-04-10 16:50:00,120.00,Paid,209,Smartwatch,Electronics,120.00,382,Credit Card,Completed
83,103,2025-04-11 09:00:00,80.00,Pending,211,Blender,Home Goods,80.00,383,PayPal,Pending
84,104,2025-04-11 13:10:00,180.00,Paid,204,Noise-Cancelling Headphones,Electronics,180.00,384,Credit Card,Completed
85,105,2025-04-12 10:20:00,30.00,Refunded,202,Wireless Mouse,Electronics,30.00,385,Bank Transfer,Refunded
86,106,2025-04-12 15:30:00,1200.00,Paid,201,Laptop,Electronics,1200.00,386,Credit Card,Completed
87,107,2025-04-13 09:40:00,75.50,Paid,206,Espresso Machine,Home Goods,75.50,387,PayPal,Completed
88,108,2025-04-13 14:50:00,10.00,Pending,208,Reading Light,Books,10.00,388,Bank Transfer,Pending
89,109,2025-04-14 11:00:00,350.00,Paid,213,Gaming Monitor,Electronics,350.00,389,Credit Card,Completed
90,110,2025-04-14 16:10:00,25.00,Paid,203,Casual T-Shirt,Apparel,25.00,390,PayPal,Completed
91,101,2025-04-15 09:20:00,45.00,Paid,210,Running Shoes,Apparel,45.00,391,Bank Transfer,Completed
92,102,2025-04-15 14:30:00,60.00,Paid,205,Mechanical Keyboard,Electronics,60.00,392,Credit Card,Completed
93,103,2025-04-16 11:40:00,120.00,Pending,209,Smartwatch,Electronics,120.00,393,PayPal,Pending
94,104,2025-04-16 16:50:00,80.00,Paid,211,Blender,Home Goods,80.00,394,Credit Card,Completed
95,105,2025-04-17 09:00:00,180.00,Refunded,204,Noise-Cancelling Headphones,Electronics,180.00,395,Bank Transfer,Refunded
96,106,2025-04-17 13:10:00,30.00,Paid,202,Wireless Mouse,Electronics,30.00,396,Credit Card,Completed
97,107,2025-04-18 10:20:00,1200.00,Paid,201,Laptop,Electronics,1200.00,397,PayPal,Completed
98,108,2025-04-18 15:30:00,75.50,Pending,206,Espresso Machine,Home Goods,75.50,398,Bank Transfer,Pending
99,109,2025-04-19 09:40:00,10.00,Paid,208,Reading Light,Books,10.00,399,Credit Card,Completed
100,110,2025-04-19 14:50:00,350.00,Paid,213,Gaming Monitor,Electronics,350.00,400,PayPal,Completed
101,101,2025-04-20 11:00:00,25.00,Paid,203,Casual T-Shirt,Apparel,25.00,401,Bank Transfer,Completed
102,102,2025-04-20 16:10:00,45.00,Pending,210,Running Shoes,Apparel,45.00,402,Credit Card,Pending
103,103,2025-04-21 09:20:00,60.00,Paid,205,Mechanical Keyboard,Electronics,60.00,403,PayPal,Completed
104,104,2025-04-21 14:30:00,120.00,Paid,209,Smartwatch,Electronics,120.00,404,Credit Card,Completed
105,105,2025-04-22 11:40:00,80.00,Refunded,211,Blender,Home Goods,80.00,405,Bank Transfer,Refunded
106,106,2025-04-22 16:50:00,180.00,Paid,204,Noise-Cancelling Headphones,Electronics,180.00,406,Credit Card,Completed
107,107,2025-04-23 09:00:00,30.00,Paid,202,Wireless Mouse,Electronics,30.00,407,PayPal,Completed
108,108,2025-04-23 13:10:00,1200.00,Pending,201,Laptop,Electronics,1200.00,408,Bank Transfer,Pending
109,109,2025-04-24 10:20:00,75.50,Paid,206,Espresso Machine,Home Goods,75.50,409,Credit Card,Completed
110,110,2025-04-24 15:30:00,10.00,Paid,208,Reading Light,Books,10.00,410,PayPal,Completed
111,101,2025-04-25 09:40:00,350.00,Paid,213,Gaming Monitor,Electronics,350.00,411,Bank Transfer,Completed
112,102,2025-04-25 14:50:00,25.00,Pending,203,Casual T-Shirt,Apparel,25.00,412,Credit Card,Pending
113,103,2025-04-26 11:00:00,45.00,Paid,210,Running Shoes,Apparel,45.00,413,PayPal,Completed
114,104,2025-04-26 16:10:00,60.00,Paid,205,Mechanical Keyboard,Electronics,60.00,414,Bank Transfer,Completed
115,105,2025-04-27 09:20:00,120.00,Refunded,209,Smartwatch,Electronics,120.00,415,Credit Card,Refunded
116,106,2025-04-27 14:30:00,80.00,Paid,211,Blender,Home Goods,80.00,416,PayPal,Completed
117,107,2025-04-28 11:40:00,180.00,Paid,204,Noise-Cancelling Headphones,Electronics,180.00,417,Bank Transfer,Completed
118,108,2025-04-28 16:50:00,30.00,Pending,202,Wireless Mouse,Electronics,30.00,418,Credit Card,Pending
119,109,2025-04-29 09:00:00,1200.00,Paid,201,Laptop,Electronics,1200.00,419,PayPal,Completed
120,110,2025-04-29 13:10:00,75.50,Paid,206,Espresso Machine,Home Goods,75.50,420,Bank Transfer,Completed
121,101,2025-04-30 10:20:00,10.00,Paid,208,Reading Light,Books,10.00,421,Credit Card,Completed
122,102,2025-04-30 15:30:00,350.00,Pending,213,Gaming Monitor,Electronics,350.00,422,PayPal,Pending
123,103,2025-05-01 09:40:00,25.00,Paid,203,Casual T-Shirt,Apparel,25.00,423,Bank Transfer,Completed
124,104,2025-05-01 14:50:00,45.00,Paid,210,Running Shoes,Apparel,45.00,424,Credit Card,Completed
125,105,2025-05-02 11:00:00,60.00,Refunded,205,Mechanical Keyboard,Electronics,60.00,425,PayPal,Refunded
126,106,2025-05-02 16:10:00,120.00,Paid,209,Smartwatch,Electronics,120.00,426,Bank Transfer,Completed
127,107,2025-05-03 09:20:00,80.00,Paid,211,Blender,Home Goods,80.00,427,Credit Card,Completed
128,108,2025-05-03 14:30:00,180.00,Pending,204,Noise-Cancelling Headphones,Electronics,180.00,428,PayPal,Pending
129,109,2025-05-04 11:40:00,30.00,Paid,202,Wireless Mouse,Electronics,30.00,429,Bank Transfer,Completed
130,110,2025-05-04 16:50:00,1200.00,Paid,201,Laptop,Electronics,1200.00,430,Credit Card,Completed
131,101,2025-05-05 09:00:00,75.50,Paid,206,Espresso Machine,Home Goods,75.50,431,PayPal,Completed
132,102,2025-05-05 13:10:00,10.00,Pending,208,Reading Light,Books,10.00,432,Bank Transfer,Pending
133,103,2025-05-06 10:20:00,350.00,Paid,213,Gaming Monitor,Electronics,350.00,433,Credit Card,Completed
134,104,2025-05-06 15:30:00,25.00,Paid,203,Casual T-Shirt,Apparel,25.00,434,PayPal,Completed
135,105,2025-05-07 09:40:00,45.00,Refunded,210,Running Shoes,Apparel,45.00,435,Bank Transfer,Refunded
136,106,2025-05-07 14:50:00,60.00,Paid,205,Mechanical Keyboard,Electronics,60.00,436,Credit Card,Completed
137,107,2025-05-08 11:00:00,120.00,Paid,209,Smartwatch,Electronics,120.00,437,PayPal,Completed
138,108,2025-05-08 16:10:00,80.00,Paid,211,Blender,Home Goods,80.00,438,Bank Transfer,Completed
139,109,2025-05-09 09:20:00,180.00,Pending,204,Noise-Cancelling Headphones,Electronics,180.00,439,Credit Card,Pending
140,110,2025-05-09 14:30:00,30.00,Paid,202,Wireless Mouse,Electronics,30.00,440,PayPal,Completed
141,101,2025-05-10 11:40:00,1200.00,Paid,201,Laptop,Electronics,1200.00,441,Bank Transfer,Completed
142,102,2025-05-10 16:50:00,75.50,Paid,206,Espresso Machine,Home Goods,75.50,442,Credit Card,Completed
143,103,2025-05-11 09:00:00,10.00,Pending,208,Reading Light,Books,10.00,443,PayPal,Pending
144,104,2025-05-11 13:10:00,350.00,Paid,213,Gaming Monitor,Electronics,350.00,444,Bank Transfer,Completed
145,105,2025-05-12 10:20:00,25.00,Refunded,203,Casual T-Shirt,Apparel,25.00,445,Credit Card,Refunded
146,106,2025-05-12 15:30:00,45.00,Paid,210,Running Shoes,Apparel,45.00,446,PayPal,Completed
147,107,2025-05-13 09:40:00,60.00,Paid,205,Mechanical Keyboard,Electronics,60.00,447,Bank Transfer,Completed
148,108,2025-05-13 14:50:00,120.00,Pending,209,Smartwatch,Electronics,120.00,448,Credit Card,Pending
149,109,2025-05-14 11:00:00,80.00,Paid,211,Blender,Home Goods,80.00,449,PayPal,Completed
150,110,2025-05-14 16:10:00,180.00,Paid,204,Noise-Cancelling Headphones,Electronics,180.00,450,Bank Transfer,Completed
151,101,2025-05-15 09:20:00,30.00,Paid,202,Wireless Mouse,Electronics,30.00,451,Credit Card,Completed
152,102,2025-05-15 14:30:00,1200.00,Pending,201,Laptop,Electronics,1200.00,452,PayPal,Pending
153,103,2025-05-16 11:40:00,75.50,Paid,206,Espresso Machine,Home Goods,75.50,453,Bank Transfer,Completed
154,104,2025-05-16 16:50:00,10.00,Paid,208,Reading Light,Books,10.00,454,Credit Card,Completed
155,105,2025-05-17 09:00:00,350.00,Refunded,213,Gaming Monitor,Electronics,350.00,455,PayPal,Refunded
156,106,2025-05-17 13:10:00,25.00,Paid,203,Casual T-Shirt,Apparel,25.00,456,Bank Transfer,Completed
157,107,2025-05-18 10:20:00,45.00,Paid,210,Running Shoes,Apparel,45.00,457,Credit Card,Completed
158,108,2025-05-18 15:30:00,60.00,Pending,205,Mechanical Keyboard,Electronics,60.00,458,PayPal,Pending
159,109,2025-05-19 09:40:00,120.00,Paid,209,Smartwatch,Electronics,120.00,459,Bank Transfer,Completed
160,110,2025-05-19 14:50:00,80.00,Paid,211,Blender,Home Goods,80.00,460,Credit Card,Completed
161,101,2025-05-20 11:00:00,180.00,Paid,204,Noise-Cancelling Headphones,Electronics,180.00,461,PayPal,Completed
162,102,2025-05-20 16:10:00,30.00,Pending,202,Wireless Mouse,Electronics,30.00,462,Bank Transfer,Pending
163,103,2025-05-21 09:20:00,1200.00,Paid,201,Laptop,Electronics,1200.00,463,Credit Card,Completed
164,104,2025-05-21 14:30:00,75.50,Paid,206,Espresso Machine,Home Goods,75.50,464,PayPal,Completed
165,105,2025-05-22 11:40:00,10.00,Refunded,208,Reading Light,Books,10.00,465,Bank Transfer,Refunded
166,106,2025-05-22 16:50:00,350.00,Paid,213,Gaming Monitor,Electronics,350.00,466,Credit Card,Completed
167,107,2025-05-23 09:00:00,25.00,Paid,203,Casual T-Shirt,Apparel,25.00,467,PayPal,Completed
168,108,2025-05-23 13:10:00,45.00,Pending,210,Running Shoes,Apparel,45.00,468,Bank Transfer,Pending
169,109,2025-05-24 10:20:00,60.00,Paid,205,Mechanical Keyboard,Electronics,60.00,469,Credit Card,Completed
170,110,2025-05-24 15:30:00,120.00,Paid,209,Smartwatch,Electronics,120.00,470,PayPal,Completed
171,101,2025-05-25 09:40:00,80.00,Paid,211,Blender,Home Goods,80.00,471,Bank Transfer,Completed
172,102,2025-05-25 14:50:00,180.00,Pending,204,Noise-Cancelling Headphones,Electronics,180.00,472,Credit Card,Pending
173,103,2025-05-26 11:00:00,30.00,Paid,202,Wireless Mouse,Electronics,30.00,473,PayPal,Completed
174,104,2025-05-26 16:10:00,1200.00,Paid,201,Laptop,Electronics,1200.00,474,Bank Transfer,Completed
175,105,2025-05-27 09:20:00,75.50,Refunded,206,Espresso Machine,Home Goods,75.50,475,Credit Card,Refunded
176,106,2025-05-27 14:30:00,10.00,Paid,208,Reading Light,Books,10.00,476,PayPal,Completed
177,107,2025-05-28 11:40:00,350.00,Paid,213,Gaming Monitor,Electronics,350.00,477,Bank Transfer,Completed
178,108,2025-05-28 16:50:00,25.00,Pending,203,Casual T-Shirt,Apparel,25.00,478,Credit Card,Pending
179,109,2025-05-29 09:00:00,45.00,Paid,210,Running Shoes,Apparel,45.00,479,PayPal,Completed
180,110,2025-05-29 13:10:00,60.00,Paid,205,Mechanical Keyboard,Electronics,60.00,480,Bank Transfer,Completed
181,101,2025-05-30 10:20:00,120.00,Paid,209,Smartwatch,Electronics,120.00,481,Credit Card,Completed
182,102,2025-05-30 15:30:00,80.00,Pending,211,Blender,Home Goods,80.00,482,PayPal,Pending
183,103,2025-05-31 09:40:00,180.00,Paid,204,Noise-Cancelling Headphones,Electronics,180.00,483,Bank Transfer,Completed
184,104,2025-05-31 14:50:00,30.00,Paid,202,Wireless Mouse,Electronics,30.00,484,Credit Card,Completed
185,105,2025-06-01 10:00:00,15.00,Refunded,207,Sci-Fi Novel,Books,15.00,485,PayPal,Refunded
186,106,2025-06-01 11:30:00,120.00,Paid,209,Smartwatch,Electronics,120.00,486,Credit Card,Completed
187,107,2025-06-02 12:45:00,45.00,Pending,210,Running Shoes,Apparel,45.00,487,Bank Transfer,Pending
188,108,2025-06-02 14:00:00,75.50,Paid,206,Espresso Machine,Home Goods,75.50,488,Credit Card,Completed
189,109,2025-06-03 09:15:00,10.00,Paid,208,Reading Light,Books,10.00,489,PayPal,Completed
190,110,2025-06-03 16:30:00,350.00,Paid,213,Gaming Monitor,Electronics,350.00,490,Credit Card,Completed
191,101,2025-06-04 08:45:00,25.00,Pending,203,Casual T-Shirt,Apparel,25.00,491,Bank Transfer,Pending
192,102,2025-06-04 13:00:00,60.00,Paid,205,Mechanical Keyboard,Electronics,60.00,492,Credit Card,Completed
193,103,2025-06-05 10:10:00,180.00,Paid,204,Noise-Cancelling Headphones,Electronics,180.00,493,PayPal,Completed
194,104,2025-06-05 15:20:00,30.00,Paid,202,Wireless Mouse,Electronics,30.00,494,Credit Card,Completed
195,105,2025-06-06 09:00:00,1200.00,Refunded,201,Laptop,Electronics,1200.00,495,Bank Transfer,Refunded
196,106,2025-06-06 14:00:00,75.50,Paid,206,Espresso Machine,Home Goods,75.50,496,Credit Card,Completed
197,107,2025-06-07 11:00:00,10.00,Pending,208,Reading Light,Books,10.00,497,PayPal,Pending
198,108,2025-06-07 16:00:00,350.00,Paid,213,Gaming Monitor,Electronics,350.00,498,Credit Card,Completed
199,109,2025-06-08 08:30:00,25.00,Paid,203,Casual T-Shirt,Apparel,25.00,499,Bank Transfer,Completed
200,110,2025-06-08 13:40:00,45.00,Paid,210,Running Shoes,Apparel,45.00,500,Credit Card,Completed
201,101,2025-06-09 10:50:00,60.00,Paid,205,Mechanical Keyboard,Electronics,60.00,501,PayPal,Completed
202,102,2025-06-09 15:10:00,120.00,Pending,209,Smartwatch,Electronics,120.00,502,Bank Transfer,Pending
203,103,2025-06-10 09:20:00,80.00,Paid,211,Blender,Home Goods,80.00,503,Credit Card,Completed
204,104,2025-06-10 14:30:00,180.00,Paid,204,Noise-Cancelling Headphones,Electronics,180.00,504,PayPal,Completed
205,105,2025-06-11 11:40:00,30.00,Refunded,202,Wireless Mouse,Electronics,30.00,505,Bank Transfer,Refunded
206,106,2025-06-11 16:50:00,1200.00,Paid,201,Laptop,Electronics,1200.00,506,Credit Card,Completed
207,107,2025-06-12 09:00:00,75.50,Paid,206,Espresso Machine,Home Goods,75.50,507,PayPal,Completed
208,108,2025-06-12 13:10:00,10.00,Pending,208,Reading Light,Books,10.00,508,Bank Transfer,Pending
209,109,2025-06-13 10:20:00,350.00,Paid,213,Gaming Monitor,Electronics,350.00,509,Credit Card,Completed
210,110,2025-06-13 15:30:00,25.00,Paid,203,Casual T-Shirt,Apparel,25.00,510,PayPal,Completed
211,101,2025-06-14 09:40:00,45.00,Paid,210,Running Shoes,Apparel,45.00,511,Bank Transfer,Completed
212,102,2025-06-14 14:50:00,60.00,Pending,205,Mechanical Keyboard,Electronics,60.00,512,Credit Card,Pending
213,103,2025-06-15 11:00:00,120.00,Paid,209,Smartwatch,Electronics,120.00,513,PayPal,Completed
214,104,2025-06-15 16:10:00,80.00,Paid,211,Blender,Home Goods,80.00,514,Bank Transfer,Completed
215,105,2025-06-16 09:20:00,180.00,Refunded,204,Noise-Cancelling Headphones,Electronics,180.00,515,Credit Card,Refunded
216,106,2025-06-16 14:30:00,30.00,Paid,202,Wireless Mouse,Electronics,30.00,516,PayPal,Completed
217,107,2025-06-17 11:40:00,1200.00,Paid,201,Laptop,Electronics,1200.00,517,Bank Transfer,Completed
218,108,2025-06-17 16:50:00,75.50,Pending,206,Espresso Machine,Home Goods,75.50,518,Credit Card,Pending
219,109,2025-06-18 09:00:00,10.00,Paid,208,Reading Light,Books,10.00,519,PayPal,Completed
220,110,2025-06-18 13:10:00,350.00,Paid,213,Gaming Monitor,Electronics,350.00,520,Bank Transfer,Completed
221,101,2025-06-19 10:20:00,25.00,Paid,203,Casual T-Shirt,Apparel,25.00,521,Credit Card,Completed
222,102,2025-06-19 15:30:00,45.00,Pending,210,Running Shoes,Apparel,45.00,522,PayPal,Pending
223,103,2025-06-20 09:40:00,60.00,Paid,205,Mechanical Keyboard,Electronics,60.00,523,Bank Transfer,Completed
224,104,2025-06-20 14:50:00,120.00,Paid,209,Smartwatch,Electronics,120.00,524,Credit Card,Completed
225,105,2025-06-21 11:00:00,80.00,Refunded,211,Blender,Home Goods,80.00,525,PayPal,Refunded
226,106,2025-06-21 16:10:00,180.00,Paid,204,Noise-Cancelling Headphones,Electronics,180.00,526,Bank Transfer,Completed
227,107,2025-06-22 09:20:00,30.00,Paid,202,Wireless Mouse,Electronics,30.00,527,Credit Card,Completed
228,108,2025-06-22 14:30:00,1200.00,Pending,201,Laptop,Electronics,1200.00,528,PayPal,Pending
229,109,2025-06-23 11:40:00,75.50,Paid,206,Espresso Machine,Home Goods,75.50,529,Bank Transfer,Completed
230,110,2025-06-23 16:50:00,10.00,Paid,208,Reading Light,Books,10.00,530,Credit Card,Completed
231,101,2025-06-24 09:00:00,350.00,Paid,213,Gaming Monitor,Electronics,350.00,531,PayPal,Completed
232,102,2025-06-24 13:10:00,25.00,Pending,203,Casual T-Shirt,Apparel,25.00,532,Bank Transfer,Pending
233,103,2025-06-25 10:20:00,45.00,Paid,210,Running Shoes,Apparel,45.00,533,Credit Card,Completed
234,104,2025-06-25 15:30:00,60.00,Paid,205,Mechanical Keyboard,Electronics,60.00,534,PayPal,Completed
235,105,2025-06-26 09:40:00,120.00,Refunded,209,Smartwatch,Electronics,120.00,535,Bank Transfer,Refunded
236,106,2025-06-26 14:50:00,80.00,Paid,211,Blender,Home Goods,80.00,536,Credit Card,Completed
237,107,2025-06-27 11:00:00,180.00,Paid,204,Noise-Cancelling Headphones,Electronics,180.00,537,PayPal,Completed
238,108,2025-06-27 16:10:00,30.00,Pending,202,Wireless Mouse,Electronics,30.00,538,Bank Transfer,Pending
239,109,2025-06-28 09:20:00,1200.00,Paid,201,Laptop,Electronics,1200.00,539,Credit Card,Completed
240,110,2025-06-28 14:30:00,75.50,Paid,206,Espresso Machine,Home Goods,75.50,540,PayPal,Completed
241,101,2025-06-29 11:40:00,10.00,Paid,208,Reading Light,Books,10.00,541,Bank Transfer,Completed
242,102,2025-06-29 16:50:00,350.00,Pending,213,Gaming Monitor,Electronics,350.00,542,Credit Card,Pending
243,103,2025-06-30 09:00:00,25.00,Paid,203,Casual T-Shirt,Apparel,25.00,543,PayPal,Completed
244,104,2025-06-30 13:10:00,45.00,Paid,210,Running Shoes,Apparel,45.00,544,Bank Transfer,Completed
245,105,2025-07-01 10:20:00,60.00,Refunded,205,Mechanical Keyboard,Electronics,60.00,545,Credit Card,Refunded
246,106,2025-07-01 15:30:00,120.00,Paid,209,Smartwatch,Electronics,120.00,546,PayPal,Completed
247,107,2025-07-02 09:40:00,80.00,Paid,211,Blender,Home Goods,80.00,547,Bank Transfer,Completed
248,108,2025-07-02 14:50:00,180.00,Pending,204,Noise-Cancelling Headphones,Electronics,180.00,548,Credit Card,Pending
249,109,2025-07-03 11:00:00,30.00,Paid,202,Wireless Mouse,Electronics,30.00,549,PayPal,Completed
250,110,2025-07-03 16:10:00,1200.00,Paid,201,Laptop,Electronics,1200.00,550,Bank Transfer,Completed
251,101,2025-07-04 09:20:00,75.50,Paid,206,Espresso Machine,Home Goods,75.50,551,Credit Card,Completed
252,102,2025-07-04 14:30:00,10.00,Pending,208,Reading Light,Books,10.00,552,PayPal,Pending
253,103,2025-07-05 11:40:00,350.00,Paid,213,Gaming Monitor,Electronics,350.00,553,Bank Transfer,Completed
254,104,2025-07-05 16:50:00,25.00,Paid,203,Casual T-Shirt,Apparel,25.00,554,Credit Card,Completed
255,105,2025-07-06 09:00:00,45.00,Refunded,210,Running Shoes,Apparel,45.00,555,PayPal,Refunded
256,106,2025-07-06 13:10:00,60.00,Paid,205,Mechanical Keyboard,Electronics,60.00,556,Bank Transfer,Completed
257,107,2025-07-07 10:20:00,120.00,Paid,209,Smartwatch,Electronics,120.00,557,Credit Card,Completed
258,108,2025-07-07 15:30:00,80.00,Pending,211,Blender,Home Goods,80.00,558,PayPal,Pending
259,109,2025-07-08 09:40:00,180.00,Paid,204,Noise-Cancelling Headphones,Electronics,180.00,559,Bank Transfer,Completed
260,110,2025-07-08 14:50:00,30.00,Paid,202,Wireless Mouse,Electronics,30.00,560,Credit Card,Completed
261,101,2025-07-09 11:00:00,1200.00,Paid,201,Laptop,Electronics,1200.00,561,PayPal,Completed
262,102,2025-07-09 16:10:00,75.50,Pending,206,Espresso Machine,Home Goods,75.50,562,Bank Transfer,Pending
263,103,2025-07-10 09:20:00,10.00,Paid,208,Reading Light,Books,10.00,563,Credit Card,Completed
264,104,2025-07-10 14:30:00,350.00,Paid,213,Gaming Monitor,Electronics,350.00,564,PayPal,Completed
265,105,2025-07-11 11:40:00,25.00,Refunded,203,Casual T-Shirt,Apparel,25.00,565,Bank Transfer,Refunded
266,106,2025-07-11 16:50:00,45.00,Paid,210,Running Shoes,Apparel,45.00,566,Credit Card,Completed
267,107,2025-07-12 09:00:00,60.00,Paid,205,Mechanical Keyboard,Electronics,60.00,567,PayPal,Completed
268,108,2025-07-12 13:10:00,120.00,Pending,209,Smartwatch,Electronics,120.00,568,Bank Transfer,Pending
269,109,2025-07-13 10:20:00,80.00,Paid,211,Blender,Home Goods,80.00,569,Credit Card,Completed
270,110,2025-07-13 15:30:00,180.00,Paid,204,Noise-Cancelling Headphones,Electronics,180.00,570,PayPal,Completed
271,101,2025-07-14 09:40:00,30.00,Paid,202,Wireless Mouse,Electronics,30.00,571,Bank Transfer,Completed
272,102,2025-07-14 14:50:00,1200.00,Pending,201,Laptop,Electronics,1200.00,572,Credit Card,Pending
273,103,2025-07-15 11:00:00,75.50,Paid,206,Espresso Machine,Home Goods,75.50,573,PayPal,Completed
274,104,2025-07-15 16:10:00,10.00,Paid,208,Reading Light,Books,10.00,574,Bank Transfer,Completed
275,105,2025-07-16 09:20:00,350.00,Refunded,213,Gaming Monitor,Electronics,350.00,575,Credit Card,Refunded
276,106,2025-07-16 14:30:00,25.00,Paid,203,Casual T-Shirt,Apparel,25.00,576,PayPal,Completed
277,107,2025-07-17 11:40:00,45.00,Paid,210,Running Shoes,Apparel,45.00,577,Bank Transfer,Completed
278,108,2025-07-17 16:50:00,60.00,Pending,205,Mechanical Keyboard,Electronics,60.00,578,Credit Card,Pending
279,109,2025-07-18 09:00:00,120.00,Paid,209,Smartwatch,Electronics,120.00,579,PayPal,Completed
280,110,2025-07-18 13:10:00,80.00,Paid,211,Blender,Home Goods,80.00,580,Bank Transfer,Completed
281,101,2025-07-19 10:20:00,180.00,Paid,204,Noise-Cancelling Headphones,Electronics,180.00,581,Credit Card,Completed
282,102,2025-07-19 15:30:00,30.00,Pending,202,Wireless Mouse,Electronics,30.00,582,PayPal,Pending
283,103,2025-07-20 09:40:00,1200.00,Paid,201,Laptop,Electronics,1200.00,583,Bank Transfer,Completed
284,104,2025-07-20 14:50:00,75.50,Paid,206,Espresso Machine,Home Goods,75.50,584,Credit Card,Completed
285,105,2025-07-21 11:00:00,10.00,Refunded,208,Reading Light,Books,10.00,585,PayPal,Refunded
286,106,2025-07-21 16:10:00,350.00,Paid,213,Gaming Monitor,Electronics,350.00,586,Bank Transfer,Completed
287,107,2025-07-22 09:20:00,25.00,Paid,203,Casual T-Shirt,Apparel,25.00,587,Credit Card,Completed
288,108,2025-07-22 14:30:00,45.00,Pending,210,Running Shoes,Apparel,45.00,588,PayPal,Pending
289,109,2025-07-23 11:40:00,60.00,Paid,205,Mechanical Keyboard,Electronics,60.00,589,Bank Transfer,Completed
290,110,2025-07-23 16:50:00,120.00,Paid,209,Smartwatch,Electronics,120.00,590,Credit Card,Completed
291,101,2025-07-24 09:00:00,80.00,Paid,211,Blender,Home Goods,80.00,591,PayPal,Completed
292,102,2025-07-24 13:10:00,180.00,Pending,204,Noise-Cancelling Headphones,Electronics,180.00,592,Bank Transfer,Pending
293,103,2025-07-25 10:20:00,30.00,Paid,202,Wireless Mouse,Electronics,30.00,593,Credit Card,Completed
294,104,2025-07-25 15:30:00,1200.00,Paid,201,Laptop,Electronics,1200.00,594,PayPal,Completed
295,105,2025-07-26 09:40:00,75.50,Refunded,206,Espresso Machine,Home Goods,75.50,595,Bank Transfer,Refunded
296,106,2025-07-26 14:50:00,10.00,Paid,208,Reading Light,Books,10.00,596,Credit Card,Completed
297,107,2025-07-27 11:00:00,350.00,Paid,213,Gaming Monitor,Electronics,350.00,597,PayPal,Completed
298,108,2025-07-27 16:10:00,25.00,Pending,203,Casual T-Shirt,Apparel,25.00,598,Bank Transfer,Pending
299,109,2025-07-28 09:20:00,45.00,Paid,210,Running Shoes,Apparel,45.00,599,Credit Card,Completed
300,110,2025-07-28 14:30:00,60.00,Paid,205,Mechanical Keyboard,Electronics,60.00,600,PayPal,Completed
301,101,2025-07-29 11:40:00,120.00,Paid,209,Smartwatch,Electronics,120.00,601,Bank Transfer,Completed
302,102,2025-07-29 16:50:00,80.00,Pending,211,Blender,Home Goods,80.00,602,Credit Card,Pending
303,103,2025-07-30 09:00:00,180.00,Paid,204,Noise-Cancelling Headphones,Electronics,180.00,603,PayPal,Completed
304,104,2025-07-30 13:10:00,30.00,Paid,202,Wireless Mouse,Electronics,30.00,604,Bank Transfer,Completed
305,105,2025-07-31 10:20:00,1200.00,Refunded,201,Laptop,Electronics,1200.00,605,Credit Card,Refunded
306,106,2025-07-31 15:30:00,75.50,Paid,206,Espresso Machine,Home Goods,75.50,606,PayPal,Completed
307,107,2025-08-01 09:40:00,10.00,Paid,208,Reading Light,Books,10.00,607,Bank Transfer,Completed
308,108,2025-08-01 14:50:00,350.00,Pending,213,Gaming Monitor,Electronics,350.00,608,Credit Card,Pending
309,109,2025-08-02 11:00:00,25.00,Paid,203,Casual T-Shirt,Apparel,25.00,609,PayPal,Completed
310,110,2025-08-02 16:10:00,45.00,Paid,210,Running Shoes,Apparel,45.00,610,Bank Transfer,Completed
311,101,2025-08-03 09:20:00,60.00,Paid,205,Mechanical Keyboard,Electronics,60.00,611,Credit Card,Completed
312,102,2025-08-03 14:30:00,120.00,Pending,209,Smartwatch,Electronics,120.00,612,PayPal,Pending
313,103,2025-08-04 11:40:00,80.00,Paid,211,Blender,Home Goods,80.00,613,Bank Transfer,Completed
314,104,2025-08-04 16:50:00,180.00,Paid,204,Noise-Cancelling Headphones,Electronics,180.00,614,Credit Card,Completed
315,105,2025-08-05 09:00:00,30.00,Refunded,202,Wireless Mouse,Electronics,30.00,615,PayPal,Refunded
316,106,2025-08-05 13:10:00,1200.00,Paid,201,Laptop,Electronics,1200.00,616,Bank Transfer,Completed
317,107,2025-08-06 10:20:00,75.50,Paid,206,Espresso Machine,Home Goods,75.50,617,Credit Card,Completed
318,108,2025-08-06 15:30:00,10.00,Pending,208,Reading Light,Books,10.00,618,PayPal,Pending
319,109,2025-08-07 09:40:00,350.00,Paid,213,Gaming Monitor,Electronics,350.00,619,Bank Transfer,Completed
320,110,2025-08-07 14:50:00,25.00,Paid,203,Casual T-Shirt,Apparel,25.00,620,Credit Card,Completed
321,101,2025-08-08 11:00:00,45.00,Paid,210,Running Shoes,Apparel,45.00,621,PayPal,Completed
322,102,2025-08-08 16:10:00,60.00,Pending,205,Mechanical Keyboard,Electronics,60.00,622,Bank Transfer,Pending
323,103,2025-08-09 09:20:00,120.00,Paid,209,Smartwatch,Electronics,120.00,623,Credit Card,Completed
324,104,2025-08-09 14:30:00,80.00,Paid,211,Blender,Home Goods,80.00,624,PayPal,Completed
325,105,2025-08-10 11:40:00,180.00,Refunded,204,Noise-Cancelling Headphones,Electronics,180.00,625,Bank Transfer,Refunded
326,106,2025-08-10 16:50:00,30.00,Paid,202,Wireless Mouse,Electronics,30.00,626,Credit Card,Completed
327,107,2025-08-11 09:00:00,1200.00,Paid,201,Laptop,Electronics,1200.00,627,PayPal,Completed
328,108,2025-08-11 13:10:00,75.50,Pending,206,Espresso Machine,Home Goods,75.50,628,Bank Transfer,Pending
329,109,2025-08-12 10:20:00,10.00,Paid,208,Reading Light,Books,10.00,629,Credit Card,Completed
330,110,2025-08-12 15:30:00,350.00,Paid,213,Gaming Monitor,Electronics,350.00,630,PayPal,Completed
331,101,2025-08-13 09:40:00,25.00,Paid,203,Casual T-Shirt,Apparel,25.00,631,Bank Transfer,Completed
332,102,2025-08-13 14:50:00,45.00,Pending,210,Running Shoes,Apparel,45.00,632,Credit Card,Pending
333,103,2025-08-14 11:00:00,60.00,Paid,205,Mechanical Keyboard,Electronics,60.00,633,PayPal,Completed
334,104,2025-08-14 16:10:00,120.00,Paid,209,Smartwatch,Electronics,120.00,634,Bank Transfer,Completed
335,105,2025-08-15 09:20:00,80.00,Refunded,211,Blender,Home Goods,80.00,635,Credit Card,Refunded
336,106,2025-08-15 14:30:00,180.00,Paid,204,Noise-Cancelling Headphones,Electronics,180.00,636,PayPal,Completed
337,107,2025-08-16 11:40:00,30.00,Paid,202,Wireless Mouse,Electronics,30.00,637,Bank Transfer,Completed
338,108,2025-08-16 16:50:00,1200.00,Pending,201,Laptop,Electronics,1200.00,638,Credit Card,Pending
339,109,2025-08-17 09:00:00,75.50,Paid,206,Espresso Machine,Home Goods,75.50,639,PayPal,Completed
340,110,2025-08-17 13:10:00,10.00,Paid,208,Reading Light,Books,10.00,640,Bank Transfer,Completed
341,101,2025-08-18 10:20:00,350.00,Paid,213,Gaming Monitor,Electronics,350.00,641,Credit Card,Completed
342,102,2025-08-18 15:30:00,25.00,Pending,203,Casual T-Shirt,Apparel,25.00,642,PayPal,Pending
343,103,2025-08-19 09:40:00,45.00,Paid,210,Running Shoes,Apparel,45.00,643,Bank Transfer,Completed
344,104,2025-08-19 14:50:00,60.00,Paid,205,Mechanical Keyboard,Electronics,60.00,644,Credit Card,Completed
345,105,2025-08-20 11:00:00,120.00,Refunded,209,Smartwatch,Electronics,120.00,645,PayPal,Refunded
346,106,2025-08-20 16:10:00,80.00,Paid,211,Blender,Home Goods,80.00,646,Bank Transfer,Completed
347,107,2025-08-21 09:20:00,180.00,Paid,204,Noise-Cancelling Headphones,Electronics,180.00,647,Credit Card,Completed
348,108,2025-08-21 14:30:00,30.00,Pending,202,Wireless Mouse,Electronics,30.00,648,PayPal,Pending
349,109,2025-08-22 11:40:00,1200.00,Paid,201,Laptop,Electronics,1200.00,649,Bank Transfer,Completed
350,110,2025-08-22 16:50:00,75.50,Paid,206,Espresso Machine,Home Goods,75.50,650,Credit Card,Completed
351,101,2025-08-23 09:00:00,10.00,Paid,208,Reading Light,Books,10.00,651,PayPal,Completed
352,102,2025-08-23 13:10:00,350.00,Pending,213,Gaming Monitor,Electronics,350.00,652,Bank Transfer,Pending
353,103,2025-08-24 10:20:00,25.00,Paid,203,Casual T-Shirt,Apparel,25.00,653,Credit Card,Completed
354,104,2025-08-24 15:30:00,45.00,Paid,210,Running Shoes,Apparel,45.00,654,PayPal,Completed
355,105,2025-08-25 09:40:00,60.00,Refunded,205,Mechanical Keyboard,Electronics,60.00,655,Bank Transfer,Refunded
356,106,2025-08-25 14:50:00,120.00,Paid,209,Smartwatch,Electronics,120.00,656,Credit Card,Completed
357,107,2025-08-26 11:00:00,80.00,Paid,211,Blender,Home Goods,80.00,657,PayPal,Completed
358,108,2025-08-26 16:10:00,180.00,Pending,204,Noise-Cancelling Headphones,Electronics,180.00,658,Bank Transfer,Pending
359,109,2025-08-27 09:20:00,30.00,Paid,202,Wireless Mouse,Electronics,30.00,659,Credit Card,Completed
360,110,2025-08-27 14:30:00,1200.00,Paid,201,Laptop,Electronics,1200.00,660,PayPal,Completed
361,101,2025-08-28 11:40:00,75.50,Paid,206,Espresso Machine,Home Goods,75.50,661,Bank Transfer,Completed
362,102,2025-08-28 16:50:00,10.00,Pending,208,Reading Light,Books,10.00,662,Credit Card,Pending
363,103,2025-08-29 09:00:00,350.00,Paid,213,Gaming Monitor,Electronics,350.00,663,PayPal,Completed
364,104,2025-08-29 13:10:00,25.00,Paid,203,Casual T-Shirt,Apparel,25.00,664,Bank Transfer,Completed
365,105,2025-08-30 10:20:00,45.00,Refunded,210,Running Shoes,Apparel,45.00,665,Credit Card,Refunded
366,106,2025-08-30 15:30:00,60.00,Paid,205,Mechanical Keyboard,Electronics,60.00,666,PayPal,Completed
367,107,2025-08-31 09:40:00,120.00,Paid,209,Smartwatch,Electronics,120.00,667,Bank Transfer,Completed
368,108,2025-08-31 14:50:00,80.00,Pending,211,Blender,Home Goods,80.00,668,Credit Card,Pending
369,109,2025-09-01 11:00:00,180.00,Paid,204,Noise-Cancelling Headphones,Electronics,180.00,669,PayPal,Completed
370,110,2025-09-01 16:10:00,30.00,Paid,202,Wireless Mouse,Electronics,30.00,670,Bank Transfer,Completed
371,101,2025-09-02 09:20:00,1200.00,Paid,201,Laptop,Electronics,1200.00,671,Credit Card,Completed
372,102,2025-09-02 14:30:00,75.50,Pending,206,Espresso Machine,Home Goods,75.50,672,PayPal,Pending
373,103,2025-09-03 11:40:00,10.00,Paid,208,Reading Light,Books,10.00,673,Bank Transfer,Completed
374,104,2025-09-03 16:50:00,350.00,Paid,213,Gaming Monitor,Electronics,350.00,674,Credit Card,Completed
375,105,2025-09-04 09:00:00,25.00,Refunded,203,Casual T-Shirt,Apparel,25.00,675,PayPal,Refunded
376,106,2025-09-04 13:10:00,45.00,Paid,210,Running Shoes,Apparel,45.00,676,Bank Transfer,Completed
377,107,2025-09-05 10:20:00,60.00,Paid,205,Mechanical Keyboard,Electronics,60.00,677,Credit Card,Completed
378,108,2025-09-05 15:30:00,120.00,Pending,209,Smartwatch,Electronics,120.00,678,PayPal,Pending
379,109,2025-09-06 09:40:00,80.00,Paid,211,Blender,Home Goods,80.00,679,Bank Transfer,Completed
380,110,2025-09-06 14:50:00,180.00,Paid,204,Noise-Cancelling Headphones,Electronics,180.00,680,Credit Card,Completed
381,101,2025-09-07 11:00:00,30.00,Paid,202,Wireless Mouse,Electronics,30.00,681,PayPal,Completed
382,102,2025-09-07 16:10:00,1200.00,Pending,201,Laptop,Electronics,1200.00,682,Bank Transfer,Pending
383,103,2025-09-08 09:20:00,75.50,Paid,206,Espresso Machine,Home Goods,75.50,683,Credit Card,Completed
384,104,2025-09-08 14:30:00,10.00,Paid,208,Reading Light,Books,10.00,684,PayPal,Completed
385,105,2025-09-09 11:40:00,350.00,Refunded,213,Gaming Monitor,Electronics,350.00,685,Bank Transfer,Refunded
386,106,2025-09-09 16:50:00,25.00,Paid,203,Casual T-Shirt,Apparel,25.00,686,Credit Card,Completed
387,107,2025-09-10 09:00:00,45.00,Paid,210,Running Shoes,Apparel,45.00,687,PayPal,Completed
388,108,2025-09-10 13:10:00,60.00,Pending,205,Mechanical Keyboard,Electronics,60.00,688,Bank Transfer,Pending
389,109,2025-09-11 10:20:00,120.00,Paid,209,Smartwatch,Electronics,120.00,689,Credit Card,Completed
390,110,2025-09-11 15:30:00,80.00,Paid,211,Blender,Home Goods,80.00,690,PayPal,Completed
391,101,2025-09-12 09:40:00,180.00,Paid,204,Noise-Cancelling Headphones,Electronics,180.00,691,Bank Transfer,Completed
392,102,2025-09-12 14:50:00,30.00,Pending,202,Wireless Mouse,Electronics,30.00,692,Credit Card,Pending
393,103,2025-09-13 11:00:00,1200.00,Paid,201,Laptop,Electronics,1200.00,693,PayPal,Completed
394,104,2025-09-13 16:10:00,75.50,Paid,206,Espresso Machine,Home Goods,75.50,694,Bank Transfer,Completed
395,105,2025-09-14 09:20:00,10.00,Refunded,208,Reading Light,Books,10.00,695,Credit Card,Refunded
396,106,2025-09-14 14:30:00,350.00,Paid,213,Gaming Monitor,Electronics,350.00,696,PayPal,Completed
397,107,2025-09-15 11:40:00,25.00,Paid,203,Casual T-Shirt,Apparel,25.00,697,Bank Transfer,Completed
398,108,2025-09-15 16:50:00,45.00,Pending,210,Running Shoes,Apparel,45.00,698,Credit Card,Pending
399,109,2025-09-16 09:00:00,60.00,Paid,205,Mechanical Keyboard,Electronics,60.00,699,PayPal,Completed
400,110,2025-09-16 13:10:00,120.00,Paid,209,Smartwatch,Electronics,120.00,700,Bank Transfer,Completed
401,101,2025-09-17 10:20:00,80.00,Paid,211,Blender,Home Goods,80.00,701,Credit Card,Completed
402,102,2025-09-17 15:30:00,180.00,Pending,204,Noise-Cancelling Headphones,Electronics,180.00,702,PayPal,Pending
403,103,2025-09-18 09:40:00,30.00,Paid,202,Wireless Mouse,Electronics,30.00,703,Bank Transfer,Completed
404,104,2025-09-18 14:50:00,1200.00,Paid,201,Laptop,Electronics,1200.00,704,Credit Card,Completed
405,105,2025-09-19 11:00:00,75.50,Refunded,206,Espresso Machine,Home Goods,75.50,705,PayPal,Refunded
406,106,2025-09-19 16:10:00,10.00,Paid,208,Reading Light,Books,10.00,706,Bank Transfer,Completed
407,107,2025-09-20 09:20:00,350.00,Paid,213,Gaming Monitor,Electronics,350.00,707,Credit Card,Completed
408,108,2025-09-20 14:30:00,25.00,Pending,203,Casual T-Shirt,Apparel,25.00,708,PayPal,Pending
409,109,2025-09-21 11:40:00,45.00,Paid,210,Running Shoes,Apparel,45.00,709,Bank Transfer,Completed
410,110,2025-09-21 16:50:00,60.00,Paid,205,Mechanical Keyboard,Electronics,60.00,710,Credit Card,Completed
411,101,2025-09-22 09:00:00,120.00,Paid,209,Smartwatch,Electronics,120.00,711,PayPal,Completed
412,102,2025-09-22 13:10:00,80.00,Pending,211,Blender,Home Goods,80.00,712,Bank Transfer,Pending
413,103,2025-09-23 10:20:00,180.00,Paid,204,Noise-Cancelling Headphones,Electronics,180.00,713,Credit Card,Completed
414,104,2025-09-23 15:30:00,30.00,Paid,202,Wireless Mouse,Electronics,30.00,714,PayPal,Completed
415,105,2025-09-24 09:40:00,1200.00,Refunded,201,Laptop,Electronics,1200.00,715,Bank Transfer,Refunded
416,106,2025-09-24 14:50:00,75.50,Paid,206,Espresso Machine,Home Goods,75.50,716,Credit Card,Completed
417,107,2025-09-25 11:00:00,10.00,Paid,208,Reading Light,Books,10.00,717,PayPal,Completed
418,108,2025-09-25 16:10:00,350.00,Pending,213,Gaming Monitor,Electronics,350.00,718,Bank Transfer,Pending
419,109,2025-09-26 09:20:00,25.00,Paid,203,Casual T-Shirt,Apparel,25.00,719,Credit Card,Completed
420,110,2025-09-26 14:30:00,45.00,Paid,210,Running Shoes,Apparel,45.00,720,PayPal,Completed
421,101,2025-09-27 11:40:00,60.00,Paid,205,Mechanical Keyboard,Electronics,60.00,721,Bank Transfer,Completed
422,102,2025-09-27 16:50:00,120.00,Paid,209,Smartwatch,Electronics,120.00,722,Credit Card,Completed
423,103,2025-09-28 09:00:00,80.00,Pending,211,Blender,Home Goods,80.00,723,PayPal,Pending
424,104,2025-09-28 13:10:00,180.00,Paid,204,Noise-Cancelling Headphones,Electronics,180.00,724,Bank Transfer,Completed
425,105,2025-09-29 10:20:00,30.00,Refunded,202,Wireless Mouse,Electronics,30.00,725,Credit Card,Refunded
426,106,2025-09-29 15:30:00,1200.00,Paid,201,Laptop,Electronics,1200.00,726,PayPal,Completed
427,107,2025-09-30 09:40:00,75.50,Paid,206,Espresso Machine,Home Goods,75.50,727,Bank Transfer,Completed
428,108,2025-09-30 14:50:00,10.00,Pending,208,Reading Light,Books,10.00,728,Credit Card,Pending
429,109,2025-10-01 11:00:00,350.00,Paid,213,Gaming Monitor,Electronics,350.00,729,PayPal,Completed
430,110,2025-10-01 16:10:00,25.00,Paid,203,Casual T-Shirt,Apparel,25.00,730,Bank Transfer,Completed
431,101,2025-10-02 09:20:00,45.00,Paid,210,Running Shoes,Apparel,45.00,731,Credit Card,Completed
432,102,2025-10-02 14:30:00,60.00,Pending,205,Mechanical Keyboard,Electronics,60.00,732,PayPal,Pending
433,103,2025-10-03 11:40:00,120.00,Paid,209,Smartwatch,Electronics,120.00,733,Bank Transfer,Completed
434,104,2025-10-03 16:50:00,80.00,Paid,211,Blender,Home Goods,80.00,734,Credit Card,Completed
435,105,2025-10-04 09:00:00,180.00,Refunded,204,Noise-Cancelling Headphones,Electronics,180.00,735,PayPal,Refunded
436,106,2025-10-04 13:10:00,30.00,Paid,202,Wireless Mouse,Electronics,30.00,736,Bank Transfer,Completed
437,107,2025-10-05 10:20:00,1200.00,Paid,201,Laptop,Electronics,1200.00,737,Credit Card,Completed
438,108,2025-10-05 15:30:00,75.50,Pending,206,Espresso Machine,Home Goods,75.50,738,PayPal,Pending
439,109,2025-10-06 09:40:00,10.00,Paid,208,Reading Light,Books,10.00,739,Bank Transfer,Completed
440,110,2025-10-06 14:50:00,350.00,Paid,213,Gaming Monitor,Electronics,350.00,740,Credit Card,Completed
441,101,2025-10-07 11:00:00,25.00,Paid,203,Casual T-Shirt,Apparel,25.00,741,PayPal,Completed
442,102,2025-10-07 16:10:00,45.00,Pending,210,Running Shoes,Apparel,45.00,742,Bank Transfer,Pending
443,103,2025-10-08 09:20:00,60.00,Paid,205,Mechanical Keyboard,Electronics,60.00,743,Credit Card,Completed
444,104,2025-10-08 14:30:00,120.00,Paid,209,Smartwatch,Electronics,120.00,744,PayPal,Completed
445,105,2025-10-09 11:40:00,80.00,Refunded,211,Blender,Home Goods,80.00,745,Bank Transfer,Refunded
446,106,2025-10-09 16:50:00,180.00,Paid,204,Noise-Cancelling Headphones,Electronics,180.00,746,Credit Card,Completed
447,107,2025-10-10 09:00:00,30.00,Paid,202,Wireless Mouse,Electronics,30.00,747,PayPal,Completed
448,108,2025-10-10 13:10:00,1200.00,Pending,201,Laptop,Electronics,1200.00,748,Bank Transfer,Pending
449,109,2025-10-11 10:20:00,75.50,Paid,206,Espresso Machine,Home Goods,75.50,749,Credit Card,Completed
450,110,2025-10-11 15:30:00,10.00,Paid,208,Reading Light,Books,10.00,750,PayPal,Completed
451,101,2025-10-12 09:40:00,350.00,Paid,213,Gaming Monitor,Electronics,350.00,751,Bank Transfer,Completed
452,102,2025-10-12 14:50:00,25.00,Pending,203,Casual T-Shirt,Apparel,25.00,752,Credit Card,Pending
453,103,2025-10-13 11:00:00,45.00,Paid,210,Running Shoes,Apparel,45.00,753,PayPal,Completed
454,104,2025-10-13 16:10:00,60.00,Paid,205,Mechanical Keyboard,Electronics,60.00,754,Bank Transfer,Completed
455,105,2025-10-14 09:20:00,120.00,Refunded,209,Smartwatch,Electronics,120.00,755,Credit Card,Refunded
456,106,2025-10-14 14:30:00,80.00,Paid,211,Blender,Home Goods,80.00,756,PayPal,Completed
457,107,2025-10-15 11:40:00,180.00,Paid,204,Noise-Cancelling Headphones,Electronics,180.00,757,Bank Transfer,Completed
458,108,2025-10-15 16:50:00,30.00,Pending,202,Wireless Mouse,Electronics,30.00,758,Credit Card,Pending
459,109,2025-10-16 09:00:00,1200.00,Paid,201,Laptop,Electronics,1200.00,759,PayPal,Completed
460,110,2025-10-16 13:10:00,75.50,Paid,206,Espresso Machine,Home Goods,75.50,760,Bank Transfer,Completed
461,101,2025-10-17 10:20:00,10.00,Paid,208,Reading Light,Books,10.00,761,Credit Card,Completed
462,102,2025-10-17 15:30:00,350.00,Pending,213,Gaming Monitor,Electronics,350.00,762,PayPal,Pending
463,103,2025-10-18 09:40:00,25.00,Paid,203,Casual T-Shirt,Apparel,25.00,763,Bank Transfer,Completed
464,104,2025-10-18 14:50:00,45.00,Paid,210,Running Shoes,Apparel,45.00,764,Credit Card,Completed
465,105,2025-10-19 11:00:00,60.00,Refunded,205,Mechanical Keyboard,Electronics,60.00,765,PayPal,Refunded
466,106,2025-10-19 16:10:00,120.00,Paid,209,Smartwatch,Electronics,120.00,766,Bank Transfer,Completed
467,107,2025-10-20 09:20:00,80.00,Paid,211,Blender,Home Goods,80.00,767,Credit Card,Completed
468,108,2025-10-20 14:30:00,180.00,Pending,204,Noise-Cancelling Headphones,Electronics,180.00,768,PayPal,Pending
469,109,2025-10-21 11:40:00,30.00,Paid,202,Wireless Mouse,Electronics,30.00,769,Bank Transfer,Completed
470,110,2025-10-21 16:50:00,1200.00,Paid,201,Laptop,Electronics,1200.00,770,Credit Card,Completed
471,101,2025-10-22 09:00:00,75.50,Paid,206,Espresso Machine,Home Goods,75.50,771,PayPal,Completed
472,102,2025-10-22 13:10:00,10.00,Pending,208,Reading Light,Books,10.00,772,Bank Transfer,Pending
473,103,2025-10-23 10:20:00,350.00,Paid,213,Gaming Monitor,Electronics,350.00,773,Credit Card,Completed
474,104,2025-10-23 15:30:00,25.00,Paid,203,Casual T-Shirt,Apparel,25.00,774,PayPal,Completed
475,105,2025-10-24 09:40:00,45.00,Refunded,210,Running Shoes,Apparel,45.00,775,Bank Transfer,Refunded
476,106,2025-10-24 14:50:00,60.00,Paid,205,Mechanical Keyboard,Electronics,60.00,776,Credit Card,Completed
477,107,2025-10-25 11:00:00,120.00,Paid,209,Smartwatch,Electronics,120.00,777,PayPal,Completed
478,108,2025-10-25 16:10:00,80.00,Pending,211,Blender,Home Goods,80.00,778,Bank Transfer,Pending
479,109,2025-10-26 09:20:00,180.00,Paid,204,Noise-Cancelling Headphones,Electronics,180.00,779,Credit Card,Completed
480,110,2025-10-26 14:30:00,30.00,Paid,202,Wireless Mouse,Electronics,30.00,780,PayPal,Completed
481,101,2025-10-27 11:40:00,1200.00,Paid,201,Laptop,Electronics,1200.00,781,Bank Transfer,Completed
482,102,2025-10-27 16:50:00,75.50,Pending,206,Espresso Machine,Home Goods,75.50,782,Credit Card,Pending
483,103,2025-10-28 09:00:00,10.00,Paid,208,Reading Light,Books,10.00,783,PayPal,Completed
484,104,2025-10-28 13:10:00,350.00,Paid,213,Gaming Monitor,Electronics,350.00,784,Bank Transfer,Completed
485,105,2025-10-29 10:20:00,25.00,Refunded,203,Casual T-Shirt,Apparel,25.00,785,Credit Card,Refunded
486,106,2025-10-29 15:30:00,45.00,Paid,210,Running Shoes,Apparel,45.00,786,PayPal,Completed
487,107,2025-10-30 09:40:00,60.00,Paid,205,Mechanical Keyboard,Electronics,60.00,787,Bank Transfer,Completed
488,108,2025-10-30 14:50:00,120.00,Pending,209,Smartwatch,Electronics,120.00,788,Credit Card,Pending
489,109,2025-10-31 11:00:00,80.00,Paid,211,Blender,Home Goods,80.00,789,PayPal,Completed
490,110,2025-10-31 16:10:00,180.00,Paid,204,Noise-Cancelling Headphones,Electronics,180.00,790,Bank Transfer,Completed
491,101,2025-11-01 09:20:00,30.00,Paid,202,Wireless Mouse,Electronics,30.00,791,Credit Card,Completed
492,102,2025-11-01 14:30:00,1200.00,Pending,201,Laptop,Electronics,1200.00,792,PayPal,Pending
493,103,2025-11-02 11:40:00,75.50,Paid,206,Espresso Machine,Home Goods,75.50,793,Bank Transfer,Completed
494,104,2025-11-02 16:50:00,10.00,Paid,208,Reading Light,Books,10.00,794,Credit Card,Completed
495,105,2025-11-03 09:00:00,350.00,Refunded,213,Gaming Monitor,Electronics,350.00,795,PayPal,Refunded
496,106,2025-11-03 13:10:00,25.00,Paid,203,Casual T-Shirt,Apparel,25.00,796,Bank Transfer,Completed
497,107,2025-11-04 10:20:00,45.00,Paid,210,Running Shoes,Apparel,45.00,797,Credit Card,Completed
498,108,2025-11-04 15:30:00,60.00,Pending,205,Mechanical Keyboard,Electronics,60.00,798,PayPal,Pending
499,109,2025-11-05 09:40:00,120.00,Paid,209,Smartwatch,Electronics,120.00,799,Bank Transfer,Completed
500,110,2025-11-05 14:50:00,80.00,Paid,211,Blender,Home Goods,80.00,800,Credit Card,Completed
501,101,2025-11-06 11:00:00,180.00,Paid,204,Noise-Cancelling Headphones,Electronics,180.00,801,PayPal,Completed
502,102,2025-11-06 16:10:00,30.00,Pending,202,Wireless Mouse,Electronics,30.00,802,Bank Transfer,Pending
503,103,2025-11-07 09:20:00,1200.00,Paid,201,Laptop,Electronics,1200.00,803,Credit Card,Completed
504,104,2025-11-07 14:30:00,75.50,Paid,206,Espresso Machine,Home Goods,75.50,804,PayPal,Completed
505,105,2025-11-08 11:40:00,10.00,Refunded,208,Reading Light,Books,10.00,805,Bank Transfer,Refunded
506,106,2025-11-08 16:50:00,350.00,Paid,213,Gaming Monitor,Electronics,350.00,806,Credit Card,Completed
507,107,2025-11-09 09:00:00,25.00,Paid,203,Casual T-Shirt,Apparel,25.00,807,PayPal,Completed
508,108,2025-11-09 13:10:00,45.00,Pending,210,Running Shoes,Apparel,45.00,808,Bank Transfer,Pending
509,109,2025-11-10 10:20:00,60.00,Paid,205,Mechanical Keyboard,Electronics,60.00,809,Credit Card,Completed
510,110,2025-11-10 15:30:00,120.00,Paid,209,Smartwatch,Electronics,120.00,810,PayPal,Completed
511,101,2025-11-11 09:40:00,80.00,Paid,211,Blender,Home Goods,80.00,811,Bank Transfer,Completed
512,102,2025-11-11 14:50:00,180.00,Pending,204,Noise-Cancelling Headphones,Electronics,180.00,812,Credit Card,Pending
513,103,2025-11-12 11:00:00,30.00,Paid,202,Wireless Mouse,Electronics,30.00,813,PayPal,Completed
514,104,2025-11-12 16:10:00,1200.00,Paid,201,Laptop,Electronics,1200.00,814,Bank Transfer,Completed
515,105,2025-11-13 09:20:00,75.50,Refunded,206,Espresso Machine,Home Goods,75.50,815,Credit Card,Refunded
516,106,2025-11-13 14:30:00,10.00,Paid,208,Reading Light,Books,10.00,816,PayPal,Completed
517,107,2025-11-14 11:40:00,350.00,Paid,213,Gaming Monitor,Electronics,350.00,817,Bank Transfer,Completed
518,108,2025-11-14 16:50:00,25.00,Pending,203,Casual T-Shirt,Apparel,25.00,818,Credit Card,Pending
519,109,2025-11-15 09:00:00,45.00,Paid,210,Running Shoes,Apparel,45.00,819,PayPal,Completed
520,110,2025-11-15 13:10:00,60.00,Paid,205,Mechanical Keyboard,Electronics,60.00,820,Bank Transfer,Completed
521,101,2025-11-16 10:20:00,120.00,Paid,209,Smartwatch,Electronics,120.00,821,Credit Card,Completed
522,102,2025-11-16 15:30:00,80.00,Pending,211,Blender,Home Goods,80.00,822,PayPal,Pending
523,103,2025-11-17 09:40:00,180.00,Paid,204,Noise-Cancelling Headphones,Electronics,180.00,823,Bank Transfer,Completed
524,104,2025-11-17 14:50:00,30.00,Paid,202,Wireless Mouse,Electronics,30.00,824,Credit Card,Completed
525,105,2025-11-18 11:00:00,1200.00,Refunded,201,Laptop,Electronics,1200.00,825,PayPal,Refunded
526,106,2025-11-18 16:10:00,75.50,Paid,206,Espresso Machine,Home Goods,75.50,826,Bank Transfer,Completed
527,107,2025-11-19 09:20:00,10.00,Paid,208,Reading Light,Books,10.00,827,Credit Card,Completed
528,108,2025-11-19 14:30:00,350.00,Pending,213,Gaming Monitor,Electronics,350.00,828,PayPal,Pending
529,109,2025-11-20 11:40:00,25.00,Paid,203,Casual T-Shirt,Apparel,25.00,829,Bank Transfer,Completed
530,110,2025-11-20 16:50:00,45.00,Paid,210,Running Shoes,Apparel,45.00,830,Credit Card,Completed
531,101,2025-11-21 09:00:00,60.00,Paid,205,Mechanical Keyboard,Electronics,60.00,831,PayPal,Completed
532,102,2025-11-21 13:10:00,120.00,Pending,209,Smartwatch,Electronics,120.00,832,Bank Transfer,Pending
533,103,2025-11-22 10:20:00,80.00,Paid,211,Blender,Home Goods,80.00,833,Credit Card,Completed
534,104,2025-11-22 15:30:00,180.00,Paid,204,Noise-Cancelling Headphones,Electronics,180.00,834,PayPal,Completed
535,105,2025-11-23 09:40:00,30.00,Refunded,202,Wireless Mouse,Electronics,30.00,835,Bank Transfer,Refunded
536,106,2025-11-23 14:50:00,1200.00,Paid,201,Laptop,Electronics,1200.00,836,Credit Card,Completed
537,107,2025-11-24 11:00:00,75.50,Paid,206,Espresso Machine,Home Goods,75.50,837,PayPal,Completed
538,108,2025-11-24 16:10:00,10.00,Pending,208,Reading Light,Books,10.00,838,Bank Transfer,Pending
539,109,2025-11-25 09:20:00,350.00,Paid,213,Gaming Monitor,Electronics,350.00,839,Credit Card,Completed
540,110,2025-11-25 14:30:00,25.00,Paid,203,Casual T-Shirt,Apparel,25.00,840,PayPal,Completed
541,101,2025-11-26 11:40:00,45.00,Paid,210,Running Shoes,Apparel,45.00,841,Bank Transfer,Completed
542,102,2025-11-26 16:50:00,60.00,Pending,205,Mechanical Keyboard,Electronics,60.00,842,Credit Card,Pending
543,103,2025-11-27 09:00:00,120.00,Paid,209,Smartwatch,Electronics,120.00,843,PayPal,Completed
544,104,2025-11-27 13:10:00,80.00,Paid,211,Blender,Home Goods,80.00,844,Bank Transfer,Completed
545,105,2025-11-28 10:20:00,180.00,Refunded,204,Noise-Cancelling Headphones,Electronics,180.00,845,Credit Card,Refunded
546,106,2025-11-28 15:30:00,30.00,Paid,202,Wireless Mouse,Electronics,30.00,846,PayPal,Completed
547,107,2025-11-29 09:40:00,1200.00,Paid,201,Laptop,Electronics,1200.00,847,Bank Transfer,Completed
548,108,2025-11-29 14:50:00,75.50,Pending,206,Espresso Machine,Home Goods,75.50,848,Credit Card,Pending
549,109,2025-11-30 11:00:00,10.00,Paid,208,Reading Light,Books,10.00,849,PayPal,Completed
550,110,2025-11-30 16:10:00,350.00,Paid,213,Gaming Monitor,Electronics,350.00,850,Bank Transfer,Completed
551,101,2025-12-01 09:20:00,25.00,Paid,203,Casual T-Shirt,Apparel,25.00,851,Credit Card,Completed
552,102,2025-12-01 14:30:00,45.00,Pending,210,Running Shoes,Apparel,45.00,852,PayPal,Pending
553,103,2025-12-02 11:40:00,60.00,Paid,205,Mechanical Keyboard,Electronics,60.00,853,Bank Transfer,Completed
554,104,2025-12-02 16:50:00,120.00,Paid,209,Smartwatch,Electronics,120.00,854,Credit Card,Completed
555,105,2025-12-03 09:00:00,80.00,Refunded,211,Blender,Home Goods,80.00,855,PayPal,Refunded
556,106,2025-12-03 13:10:00,180.00,Paid,204,Noise-Cancelling Headphones,Electronics,180.00,856,Bank Transfer,Completed
557,107,2025-12-04 10:20:00,30.00,Paid,202,Wireless Mouse,Electronics,30.00,857,Credit Card,Completed
558,108,2025-12-04 15:30:00,1200.00,Pending,201,Laptop,Electronics,1200.00,858,PayPal,Pending
559,109,2025-12-05 09:40:00,75.50,Paid,206,Espresso Machine,Home Goods,75.50,859,Bank Transfer,Completed
560,110,2025-12-05 14:50:00,10.00,Paid,208,Reading Light,Books,10.00,860,Credit Card,Completed
561,101,2025-12-06 11:00:00,350.00,Paid,213,Gaming Monitor,Electronics,350.00,861,PayPal,Completed
562,102,2025-12-06 16:10:00,25.00,Pending,203,Casual T-Shirt,Apparel,25.00,862,Bank Transfer,Pending
563,103,2025-12-07 09:20:00,45.00,Paid,210,Running Shoes,Apparel,45.00,863,Credit Card,Completed
564,104,2025-12-07 14:30:00,60.00,Paid,205,Mechanical Keyboard,Electronics,60.00,864,PayPal,Completed
565,105,2025-12-08 11:40:00,120.00,Refunded,209,Smartwatch,Electronics,120.00,865,Bank Transfer,Refunded
566,106,2025-12-08 16:50:00,80.00,Paid,211,Blender,Home Goods,80.00,866,Credit Card,Completed
567,107,2025-12-09 09:00:00,180.00,Paid,204,Noise-Cancelling Headphones,Electronics,180.00,867,PayPal,Completed
568,108,2025-12-09 13:10:00,30.00,Pending,202,Wireless Mouse,Electronics,30.00,868,Bank Transfer,Pending
569,109,2025-12-10 10:20:00,1200.00,Paid,201,Laptop,Electronics,1200.00,869,Credit Card,Completed
570,110,2025-12-10 15:30:00,75.50,Paid,206,Espresso Machine,Home Goods,75.50,870,PayPal,Completed
571,101,2025-12-11 09:40:00,10.00,Paid,208,Reading Light,Books,10.00,871,Bank Transfer,Completed
572,102,2025-12-11 14:50:00,350.00,Pending,213,Gaming Monitor,Electronics,350.00,872,Credit Card,Pending
573,103,2025-12-12 11:00:00,25.00,Paid,203,Casual T-Shirt,Apparel,25.00,873,PayPal,Completed
574,104,2025-12-12 16:10:00,45.00,Paid,210,Running Shoes,Apparel,45.00,874,Bank Transfer,Completed
575,105,2025-12-13 09:20:00,60.00,Refunded,205,Mechanical Keyboard,Electronics,60.00,875,Credit Card,Refunded
576,106,2025-12-13 14:30:00,120.00,Paid,209,Smartwatch,Electronics,120.00,876,PayPal,Completed
577,107,2025-12-14 11:40:00,80.00,Paid,211,Blender,Home Goods,80.00,877,Bank Transfer,Completed
578,108,2025-12-14 16:50:00,180.00,Pending,204,Noise-Cancelling Headphones,Electronics,180.00,878,Credit Card,Pending
579,109,2025-12-15 09:00:00,30.00,Paid,202,Wireless Mouse,Electronics,30.00,879,PayPal,Completed
580,110,2025-12-15 13:10:00,1200.00,Paid,201,Laptop,Electronics,1200.00,880,Bank Transfer,Completed
581,101,2025-12-16 10:20:00,75.50,Paid,206,Espresso Machine,Home Goods,75.50,881,Credit Card,Completed
582,102,2025-12-16 15:30:00,10.00,Pending,208,Reading Light,Books,10.00,882,PayPal,Pending
583,103,2025-12-17 09:40:00,350.00,Paid,213,Gaming Monitor,Electronics,350.00,883,Bank Transfer,Completed
584,104,2025-12-17 14:50:00,25.00,Paid,203,Casual T-Shirt,Apparel,25.00,884,Credit Card,Completed
585,105,2025-12-18 11:00:00,45.00,Refunded,210,Running Shoes,Apparel,45.00,885,PayPal,Refunded
586,106,2025-12-18 16:10:00,60.00,Paid,205,Mechanical Keyboard,Electronics,60.00,886,Bank Transfer,Completed
587,107,2025-12-19 09:20:00,120.00,Paid,209,Smartwatch,Electronics,120.00,887,Credit Card,Completed
588,108,2025-12-19 14:30:00,80.00,Pending,211,Blender,Home Goods,80.00,888,PayPal,Pending
589,109,2025-12-20 11:40:00,180.00,Paid,204,Noise-Cancelling Headphones,Electronics,180.00,889,Bank Transfer,Completed
590,110,2025-12-20 16:50:00,30.00,Paid,202,Wireless Mouse,Electronics,30.00,890,Credit Card,Completed
591,101,2025-12-21 09:00:00,1200.00,Paid,201,Laptop,Electronics,1200.00,891,PayPal,Completed
592,102,2025-12-21 13:10:00,75.50,Pending,206,Espresso Machine,Home Goods,75.50,892,Bank Transfer,Pending
593,103,2025-12-22 10:20:00,10.00,Paid,208,Reading Light,Books,10.00,893,Credit Card,Completed
594,104,2025-12-22 15:30:00,350.00,Paid,213,Gaming Monitor,Electronics,350.00,894,PayPal,Completed
595,105,2025-12-23 09:40:00,25.00,Refunded,203,Casual T-Shirt,Apparel,25.00,895,Bank Transfer,Refunded
596,106,2025-12-23 14:50:00,45.00,Paid,210,Running Shoes,Apparel,45.00,896,Credit Card,Completed
597,107,2025-12-24 11:00:00,60.00,Paid,205,Mechanical Keyboard,Electronics,60.00,897,PayPal,Completed
598,108,2025-12-24 16:10:00,120.00,Pending,209,Smartwatch,Electronics,120.00,898,Bank Transfer,Pending
599,109,2025-12-25 09:20:00,80.00,Paid,211,Blender,Home Goods,80.00,899,Credit Card,Completed
600,110,2025-12-25 14:30:00,180.00,Paid,204,Noise-Cancelling Headphones,Electronics,180.00,900,PayPal,Completed
601,101,2025-12-26 11:40:00,30.00,Paid,202,Wireless Mouse,Electronics,30.00,901,Bank Transfer,Completed
602,102,2025-12-26 16:50:00,1200.00,Pending,201,Laptop,Electronics,1200.00,902,Credit Card,Pending
603,103,2025-12-27 09:00:00,75.50,Paid,206,Espresso Machine,Home Goods,75.50,903,PayPal,Completed
604,104,2025-12-27 13:10:00,10.00,Paid,208,Reading Light,Books,10.00,904,Bank Transfer,Completed
605,105,2025-12-28 10:20:00,350.00,Refunded,213,Gaming Monitor,Electronics,350.00,905,Credit Card,Refunded
606,106,2025-12-28 15:30:00,25.00,Paid,203,Casual T-Shirt,Apparel,25.00,906,PayPal,Completed
607,107,2025-12-29 09:40:00,45.00,Paid,210,Running Shoes,Apparel,45.00,907,Bank Transfer,Completed
608,108,2025-12-29 14:50:00,60.00,Pending,205,Mechanical Keyboard,Electronics,60.00,908,Credit Card,Pending
609,109,2025-12-30 11:00:00,120.00,Paid,209,Smartwatch,Electronics,120.00,909,PayPal,Completed
610,110,2025-12-30 16:10:00,80.00,Paid,211,Blender,Home Goods,80.00,910,Bank Transfer,Completed
611,101,2025-12-31 09:20:00,180.00,Paid,204,Noise-Cancelling Headphones,Electronics,180.00,911,Credit Card,Completed
612,102,2025-12-31 14:30:00,30.00,Pending,202,Wireless Mouse,Electronics,30.00,912,PayPal,Pending
613,103,2026-01-01 11:40:00,1200.00,Paid,201,Laptop,Electronics,1200.00,913,Bank Transfer,Completed
614,104,2026-01-01 16:50:00,75.50,Paid,206,Espresso Machine,Home Goods,75.50,914,Credit Card,Completed
615,105,2026-01-02 09:00:00,10.00,Refunded,208,Reading Light,Books,10.00,915,PayPal,Refunded
616,106,2026-01-02 13:10:00,350.00,Paid,213,Gaming Monitor,Electronics,350.00,916,Bank Transfer,Completed
617,107,2026-01-03 10:20:00,25.00,Paid,203,Casual T-Shirt,Apparel,25.00,917,Credit Card,Completed
618,108,2026-01-03 15:30:00,45.00,Pending,210,Running Shoes,Apparel,45.00,918,PayPal,Pending
619,109,2026-01-04 09:40:00,60.00,Paid,205,Mechanical Keyboard,Electronics,60.00,919,Bank Transfer,Completed
620,110,2026-01-04 14:50:00,120.00,Paid,209,Smartwatch,Electronics,120.00,920,Credit Card,Completed
621,101,2026-01-05 11:00:00,80.00,Paid,211,Blender,Home Goods,80.00,921,PayPal,Completed
622,102,2026-01-05 16:10:00,180.00,Pending,204,Noise-Cancelling Headphones,Electronics,180.00,922,Bank Transfer,Pending
623,103,2026-01-06 09:20:00,30.00,Paid,202,Wireless Mouse,Electronics,30.00,923,Credit Card,Completed
624,104,2026-01-06 14:30:00,1200.00,Paid,201,Laptop,Electronics,1200.00,924,PayPal,Completed
625,105,2026-01-07 11:40:00,75.50,Refunded,206,Espresso Machine,Home Goods,75.50,925,Bank Transfer,Refunded
626,106,2026-01-07 16:50:00,10.00,Paid,208,Reading Light,Books,10.00,926,Credit Card,Completed
627,107,2026-01-08 09:00:00,350.00,Paid,213,Gaming Monitor,Electronics,350.00,927,PayPal,Completed
628,108,2026-01-08 13:10:00,25.00,Pending,203,Casual T-Shirt,Apparel,25.00,928,Bank Transfer,Pending
629,109,2026-01-09 10:20:00,45.00,Paid,210,Running Shoes,Apparel,45.00,929,Credit Card,Completed
630,110,2026-01-09 15:30:00,60.00,Paid,205,Mechanical Keyboard,Electronics,60.00,930,PayPal,Completed
631,101,2026-01-10 09:40:00,120.00,Paid,209,Smartwatch,Electronics,120.00,931,Bank Transfer,Completed
632,102,2026-01-10 14:50:00,80.00,Pending,211,Blender,Home Goods,80.00,932,Credit Card,Pending
633,103,2026-01-11 11:00:00,180.00,Paid,204,Noise-Cancelling Headphones,Electronics,180.00,933,PayPal,Completed
634,104,2026-01-11 16:10:00,30.00,Paid,202,Wireless Mouse,Electronics,30.00,934,Bank Transfer,Completed
635,105,2026-01-12 09:20:00,1200.00,Refunded,201,Laptop,Electronics,1200.00,935,Credit Card,Refunded
636,106,2026-01-12 14:30:00,75.50,Paid,206,Espresso Machine,Home Goods,75.50,936,PayPal,Completed
637,107,2026-01-13 11:40:00,10.00,Paid,208,Reading Light,Books,10.00,937,Bank Transfer,Completed
638,108,2026-01-13 16:50:00,350.00,Pending,213,Gaming Monitor,Electronics,350.00,938,Credit Card,Pending
639,109,2026-01-14 09:00:00,25.00,Paid,203,Casual T-Shirt,Apparel,25.00,939,PayPal,Completed
640,110,2026-01-14 13:10:00,45.00,Paid,210,Running Shoes,Apparel,45.00,940,Bank Transfer,Completed
641,101,2026-01-15 10:20:00,60.00,Paid,205,Mechanical Keyboard,Electronics,60.00,941,Credit Card,Completed
642,102,2026-01-15 15:30:00,120.00,Pending,209,Smartwatch,Electronics,120.00,942,PayPal,Pending
643,103,2026-01-16 09:40:00,80.00,Paid,211,Blender,Home Goods,80.00,943,Bank Transfer,Completed
644,104,2026-01-16 14:50:00,180.00,Paid,204,Noise-Cancelling Headphones,Electronics,180.00,944,Credit Card,Completed
645,105,2026-01-17 11:00:00,30.00,Refunded,202,Wireless Mouse,Electronics,30.00,945,PayPal,Refunded
646,106,2026-01-17 16:10:00,1200.00,Paid,201,Laptop,Electronics,1200.00,946,Bank Transfer,Completed
647,107,2026-01-18 09:20:00,75.50,Paid,206,Espresso Machine,Home Goods,75.50,947,Credit Card,Completed
648,108,2026-01-18 14:30:00,10.00,Pending,208,Reading Light,Books,10.00,948,PayPal,Pending
649,109,2026-01-19 11:40:00,350.00,Paid,213,Gaming Monitor,Electronics,350.00,949,Bank Transfer,Completed
650,110,2026-01-19 16:50:00,25.00,Paid,203,Casual T-Shirt,Apparel,25.00,950,Credit Card,Completed
651,101,2026-01-20 09:00:00,45.00,Paid,210,Running Shoes,Apparel,45.00,951,PayPal,Completed
652,102,2026-01-20 13:10:00,60.00,Pending,205,Mechanical Keyboard,Electronics,60.00,952,Bank Transfer,Pending
653,103,2026-01-21 10:20:00,120.00,Paid,209,Smartwatch,Electronics,120.00,953,Credit Card,Completed
654,104,2026-01-21 15:30:00,80.00,Paid,211,Blender,Home Goods,80.00,954,PayPal,Completed
655,105,2026-01-22 09:40:00,180.00,Refunded,204,Noise-Cancelling Headphones,Electronics,180.00,955,Bank Transfer,Refunded
656,106,2026-01-22 14:50:00,30.00,Paid,202,Wireless Mouse,Electronics,30.00,956,Credit Card,Completed
657,107,2026-01-23 11:00:00,1200.00,Paid,201,Laptop,Electronics,1200.00,957,PayPal,Completed
658,108,2026-01-23 16:10:00,75.50,Pending,206,Espresso Machine,Home Goods,75.50,958,Bank Transfer,Pending
659,109,2026-01-24 09:20:00,10.00,Paid,208,Reading Light,Books,10.00,959,Credit Card,Completed
660,110,2026-01-24 14:30:00,350.00,Paid,213,Gaming Monitor,Electronics,350.00,960,PayPal,Completed
661,101,2026-01-25 11:40:00,25.00,Paid,203,Casual T-Shirt,Apparel,25.00,961,Bank Transfer,Completed
662,102,2026-01-25 16:50:00,45.00,Pending,210,Running Shoes,Apparel,45.00,962,Credit Card,Pending
663,103,2026-01-26 09:00:00,60.00,Paid,205,Mechanical Keyboard,Electronics,60.00,963,PayPal,Completed
664,104,2026-01-26 13:10:00,120.00,Paid,209,Smartwatch,Electronics,120.00,964,Bank Transfer,Completed
665,105,2026-01-27 10:20:00,80.00,Refunded,211,Blender,Home Goods,80.00,965,Credit Card,Refunded
666,106,2026-01-27 15:30:00,180.00,Paid,204,Noise-Cancelling Headphones,Electronics,180.00,966,PayPal,Completed
667,107,2026-01-28 09:40:00,30.00,Paid,202,Wireless Mouse,Electronics,30.00,967,Bank Transfer,Completed
668,108,2026-01-28 14:50:00,1200.00,Pending,201,Laptop,Electronics,1200.00,968,Credit Card,Pending
669,109,2026-01-29 11:00:00,75.50,Paid,206,Espresso Machine,Home Goods,75.50,969,PayPal,Completed
670,110,2026-01-29 16:10:00,10.00,Paid,208,Reading Light,Books,10.00,970,Bank Transfer,Completed
671,101,2026-01-30 09:20:00,350.00,Paid,213,Gaming Monitor,Electronics,350.00,971,Credit Card,Completed
672,102,2026-01-30 14:30:00,25.00,Pending,203,Casual T-Shirt,Apparel,25.00,972,PayPal,Pending
673,103,2026-01-31 11:40:00,45.00,Paid,210,Running Shoes,Apparel,45.00,973,Bank Transfer,Completed
674,104,2026-01-31 16:50:00,60.00,Paid,205,Mechanical Keyboard,Electronics,60.00,974,Credit Card,Completed
675,105,2026-02-01 09:00:00,120.00,Refunded,209,Smartwatch,Electronics,120.00,975,PayPal,Refunded
676,106,2026-02-01 13:10:00,80.00,Paid,211,Blender,Home Goods,80.00,976,Bank Transfer,Completed
677,107,2026-02-02 10:20:00,180.00,Paid,204,Noise-Cancelling Headphones,Electronics,180.00,977,Credit Card,Completed
678,108,2026-02-02 15:30:00,30.00,Pending,202,Wireless Mouse,Electronics,30.00,978,PayPal,Pending
679,109,2026-02-03 09:40:00,1200.00,Paid,201,Laptop,Electronics,1200.00,979,Bank Transfer,Completed
680,110,2026-02-03 14:50:00,75.50,Paid,206,Espresso Machine,Home Goods,75.50,980,Credit Card,Completed
681,101,2026-02-04 11:00:00,10.00,Paid,208,Reading Light,Books,10.00,981,PayPal,Completed
682,102,2026-02-04 16:10:00,350.00,Pending,213,Gaming Monitor,Electronics,350.00,982,Bank Transfer,Pending
683,103,2026-02-05 09:20:00,25.00,Paid,203,Casual T-Shirt,Apparel,25.00,983,Credit Card,Completed
684,104,2026-02-05 14:30:00,45.00,Paid,210,Running Shoes,Apparel,45.00,984,PayPal,Completed
685,105,2026-02-06 11:40:00,60.00,Refunded,205,Mechanical Keyboard,Electronics,60.00,985,Bank Transfer,Refunded
686,106,2026-02-06 16:50:00,120.00,Paid,209,Smartwatch,Electronics,120.00,986,Credit Card,Completed
687,107,2026-02-07 09:00:00,80.00,Paid,211,Blender,Home Goods,80.00,987,PayPal,Completed
688,108,2026-02-07 13:10:00,180.00,Pending,204,Noise-Cancelling Headphones,Electronics,180.00,988,Bank Transfer,Pending
689,109,2026-02-08 10:20:00,30.00,Paid,202,Wireless Mouse,Electronics,30.00,989,Credit Card,Completed
690,110,2026-02-08 15:30:00,1200.00,Paid,201,Laptop,Electronics,1200.00,990,PayPal,Completed
691,101,2026-02-09 09:40:00,75.50,Paid,206,Espresso Machine,Home Goods,75.50,991,Bank Transfer,Completed
692,102,2026-02-09 14:50:00,10.00,Pending,208,Reading Light,Books,10.00,992,Credit Card,Pending
693,103,2026-02-10 11:00:00,350.00,Paid,213,Gaming Monitor,Electronics,350.00,993,PayPal,Completed
694,104,2026-02-10 16:10:00,25.00,Paid,203,Casual T-Shirt,Apparel,25.00,994,Bank Transfer,Completed
695,105,2026-02-11 09:20:00,45.00,Refunded,210,Running Shoes,Apparel,45.00,995,Credit Card,Refunded
696,106,2026-02-11 14:30:00,60.00,Paid,205,Mechanical Keyboard,Electronics,60.00,996,PayPal,Completed
697,107,2026-02-12 11:40:00,120.00,Paid,209,Smartwatch,Electronics,120.00,997,Bank Transfer,Completed
698,108,2026-02-12 16:50:00,80.00,Pending,211,Blender,Home Goods,80.00,998,Credit Card,Pending
699,109,2026-02-13 09:00:00,180.00,Paid,204,Noise-Cancelling Headphones,Electronics,180.00,999,PayPal,Completed
700,110,2026-02-13 13:10:00,30.00,Paid,202,Wireless Mouse,Electronics,30.00,1000,Bank Transfer,Completed
